"","Line","habitat","watering","fertilization","WFtreatment","Plot","SCT_CWM","Mass_CWM","SCP_CWM","Carbon_CWM","CN_CWM","Length_CWM","Starch_CWM","Shape_CWM","Disp_CWM","Texture_CWM","Compact_CWM","PC1_CWM","PC2_CWM","PC3_CWM","PC4_CWM","PC5_CWM","PC6_CWM","PC7_CWM","PC8_CWM","PC9_CWM","PC10_CWM","PC11_CWM"
"1","2","Harsh","none","fertilized","F","38",1.14736911780374,0.0338379225667777,0.0753150291709027,0.429738699941868,15.9288566144026,1.88904506245481,0.684210526315789,-1.87940896543244,0.894736842105263,-0.0775293044465059,2.64776220691908,-1.88172124522746,-0.56493178074946,0.48163926222141,-0.00332352739774947,-0.360455904611746,-0.974212557687514,-0.803593263790173,-0.0571814934387166,-0.274391150674393,-0.193385137697797,-0.42212205096758
"2","2","Harsh","none","fertilized","F","40",1.36890406588536,0.309356177093507,0.758702119849458,0.434274228710828,17.822672720884,1.50951300615956,0.395833333333333,-2.2845515737326,0.770833333333333,-0.618970600886057,2.61745768041593,-1.28248623724717,-0.415738771500498,0.0827688279350792,0.684510274423013,-0.306715561191781,-0.687256589129612,0.11945105973737,-0.287893957878391,-0.118315638401601,-0.2785752427276,-0.20951750888608
"3","2","Harsh","none","fertilized","F","44",1.4328198546032,0.192393697495585,1.55726264963216,0.44166788984751,15.3850832060167,1.22643505846227,0.325,-2.38993252473596,0.44375,-0.0189046625579625,2.64618467644725,-0.841407003656466,-0.651671948709278,-0.266879486152582,1.39317232523325,-0.481878608073271,-0.996093454828074,-0.355657119935136,-0.864406797977121,-0.296338091789465,-0.181377062414971,-0.00724136191328798
"4","2","Harsh","none","none","C","16",0.868898212380281,-2.38955725824085,-0.909256148982184,0.482883999674264,12.1471490377609,0.235308268732255,0.220125786163522,-2.39828226298951,0.238993710691824,-0.54174480042059,2.60401645815737,1.25203128631454,-1.47108828098898,0.780996420755787,-0.617208663458458,-0.11851010268635,0.288278503227276,-1.17402793256624,-0.210412526739542,-0.561064018441132,-0.411567674466508,0.0871358337074729
"5","2","Harsh","none","none","C","20",1.40842191360131,-0.956134750438252,-0.720504949979971,0.477148485206814,13.404934076595,0.779081608927269,0.285714285714286,-2.33488549817289,0.428571428571429,-0.724166481170346,2.63461036390265,0.332077977465653,-0.542853397269035,0.0509819030434335,-0.415914473579922,-0.210624883943762,-0.0110494254201688,-0.772858967963422,0.0880977892495348,-0.561764841697644,-0.183827227990072,0.0697284890447191
"6","2","Harsh","none","none","C","42",1.9378462977315,0.452759838701032,1.49292308005964,0.441044285218387,16.4421440093502,1.2346403130972,0.219512195121951,-2.45596372477443,0.536585365853659,-1.52127554640489,2.67610840699549,-0.450184434792702,0.0911164659830845,-0.712126703033174,1.14465611720278,-0.390846187292098,-1.06678404448064,0.923513912698939,-0.337259146277622,-0.69054213822164,-0.0672780346454519,-0.182732003327644
"7","2","Harsh","watered","fertilized","FW","19",1.49067792706328,0.709863414653559,-0.779546550615539,0.417227389998135,23.5054254419382,1.67721400647662,0.959459459459459,-2.00991499539758,1.89189189189189,0.940653396171789,2.67311751735318,-3.24062168577531,0.180329599547663,1.35942030510577,0.488894282479599,-0.261436550958011,0.34636926459791,-1.03920184159194,0.711142549583199,-0.352816084750375,0.633982105190324,0.128546019355407
"8","2","Harsh","watered","fertilized","FW","37",1.45261366518474,0.216913251280017,-0.281235535390147,0.42837533865611,21.2977176983859,1.50277890129517,0.632432432432432,-2.07163817111305,1.5027027027027,0.0228085326699957,2.68528961397227,-2.12592369568647,-0.0520777848843141,0.89756527999118,0.559953349404993,-0.0705140904671739,-0.0349173364199562,-0.461785592647826,0.578628765838507,-0.498478930961555,0.214943175559184,-0.110666768831795
"9","2","Harsh","watered","fertilized","FW","39",1.23479315461275,0.383376815792275,-0.490982169226553,0.421404606725378,19.3186784774817,1.91905909004741,0.872093023255814,-1.86946656820488,1.38372093023256,0.52601525353103,2.65376058235584,-2.72951795322035,-0.244379597961776,0.977119610026356,0.0523222972699859,-0.329567861134592,-0.384200875197067,-1.08217700450008,0.32205209350661,-0.243226702219805,0.160987243535624,-0.212980224571377
"10","2","Harsh","watered","none","W","15",0.990848855718541,-2.1133278345824,-0.878596390486418,0.415379611570209,12.9792015532849,0.255617149134659,0.092,-2.43042237790871,0.176,-1.9147154512018,2.62481560955122,1.30398246336888,-0.68779792430908,1.04480767777219,-0.912838977209391,0.185527674794969,0.0213048263694802,0.148141436140646,-0.553706183833655,-1.11464288995985,-0.986368942206522,-0.201891378081194
"11","2","Harsh","watered","none","W","41",1.2537186943666,0.16360983594562,-0.011898855804029,0.433470386007546,16.3008649001589,1.84091131766162,0.630434782608696,-1.97448893883044,1,-0.404608900119828,2.60622041139847,-1.81990286825013,-0.514105706702315,0.316996566134046,-0.172786141528532,-0.266755754013439,-0.752036639534438,-0.405134788027606,-0.025886103914086,-0.144482847015034,-0.101839090099833,-0.33135591482838
"12","2","Harsh","watered","none","W","43",1.15444184857512,-0.506284394304618,-0.130522189414183,0.417886935274131,17.3970269001434,1.28743184123821,0.365384615384615,-2.19233312946119,0.75,-0.950078943891198,2.62654887418033,-0.858442774150062,-0.456077414918885,0.702493312238066,-0.0375920912496842,-0.063461935068468,-0.354391080605571,0.0279740215655445,-0.158448270887996,-0.464397293129437,-0.585054771460155,-0.347077183750021
"13","2","Lush","none","fertilized","F","18",1.2467125604692,0.674975496531909,-0.701021075981395,0.413955894842475,23.2549955871207,1.87708032257798,0.958333333333333,-1.94618944745941,1.6547619047619,1.06650369101279,2.63674154789411,-3.35841034254885,-0.108075663274861,1.38684668386782,0.372074943668254,-0.40922980738685,0.220251382564335,-1.16080018467423,0.483184472318343,-0.0529750587507919,0.270599934926465,-0.0134143470564529
"14","2","Lush","none","fertilized","F","24",1.53648219583548,0.810343414744774,-0.767551551609319,0.417586433654269,23.9583019178624,1.68397416893116,0.975460122699386,-1.99619897950459,1.97546012269939,1.0120560300772,2.68900299822424,-3.3486300535215,0.268548423083775,1.37782604342202,0.601905048588556,-0.238249759471637,0.35024458683898,-1.06842036330585,0.810758465716652,-0.400085048640639,0.711000953783878,0.155451863820635
"15","2","Lush","none","fertilized","F","26",1.47204745972428,0.779171914426224,-0.779206473295338,0.416006787783192,23.677279387413,1.71277548990317,0.96031746031746,-2.01328763564876,1.88888888888889,1.0197836467045,2.67689127251979,-3.31212141310629,0.209020783737117,1.37682857135838,0.534362614668174,-0.260000356902343,0.339874780917607,-1.09801994877706,0.708178459133367,-0.318457557386713,0.601064275939775,0.118059972090788
"16","2","Lush","none","fertilized","F","31",1.52125054767881,0.813453939603238,-0.767557383147596,0.41915791199796,23.7714436712285,1.70911051594334,0.966131907308378,-1.98787628120143,1.94117647058824,0.949073449070419,2.68339372761035,-3.31521947400485,0.242336743574861,1.33355617420544,0.547271584530529,-0.246786344431123,0.317850934796811,-1.03788785279583,0.80822993056739,-0.361175125370389,0.670617339698743,0.136753136656882
"17","2","Lush","none","fertilized","F","34",1.25127356903923,0.745933812224415,-0.766550860954018,0.412099736441709,23.4723285467792,1.91349155833083,0.989071038251366,-1.91601961337228,1.66666666666667,1.12071494942962,2.63631466584929,-3.47473044098711,-0.0665677961923688,1.41833162643316,0.335951790061458,-0.44358239686338,0.236083834100478,-1.20163169378528,0.508527287342506,-0.0488786742400314,0.267580966605948,-0.000294441519255018
"18","2","Lush","none","none","C","14",1.15754146766927,0.131045333224804,0.00325603811915974,0.429964967572618,18.6452601158717,1.79534020297719,0.58955223880597,-2.07922839529492,0.902985074626866,-0.391593446915,2.50734596920064,-1.95639109908762,-0.813546612777054,0.395248349950587,-0.203579241981208,-0.472048025302384,-0.222804308728154,-0.0398578227166955,-0.261003781869931,0.278229101145126,-0.332359124566848,-0.237726514594619
"19","2","Lush","none","none","C","21",1.60244993046108,0.911933086346446,-0.775650951937913,0.417914916834863,23.400636061327,1.71970756948282,0.933734939759036,-2.01093209210976,1.77710843373494,0.67839311811562,2.67946060289166,-3.15744312212247,0.390435311263372,1.15426702116986,0.433726502083167,-0.336360683787776,0.259945005944538,-0.854466970460132,0.762863614726685,-0.391336049992107,0.554425982691203,0.113335505235981
"20","2","Lush","none","none","C","28",1.61821035204198,0.941870213885899,-0.81506398057924,0.418070971287527,23.884690725076,1.70500611597127,0.967032967032967,-2.03867743391068,1.86813186813187,0.841121942257124,2.69010378042834,-3.26598021241779,0.443729074585644,1.24753079086276,0.529204031769389,-0.325193743264564,0.333195520220226,-0.960897261008893,0.822729925779088,-0.400169825695262,0.663010693993417,0.14239522318526
"21","2","Lush","none","none","C","29",1.504701742425,0.811174200769059,-0.805479688177457,0.41612490106296,23.5866972004273,1.67648444106864,0.933014354066986,-2.03897403732009,1.89473684210526,0.935997015612101,2.68358701773194,-3.231088491262,0.287348552390602,1.34472998767913,0.533699559941568,-0.207451708038489,0.347216379008606,-1.04761597965944,0.734002853436761,-0.356165904877477,0.602392179413946,0.133013698676576
"22","2","Lush","none","none","C","35",1.48227198995676,0.801869131342322,-0.785701533255548,0.415601284395068,23.8361882826995,1.71939088345133,0.973509933774835,-1.99779780049579,1.9205298013245,1.04714589045272,2.67884632749217,-3.36839296369485,0.220998952619434,1.39446121904782,0.548627974344383,-0.260546966144419,0.347827889007197,-1.10583914799041,0.734924441454374,-0.332213937273765,0.627539121926101,0.129264438626022
"23","2","Lush","watered","fertilized","FW","17",1.28508355216028,0.468174269883174,-0.878459961221187,0.419151890004116,20.3433097179147,1.68075601005252,0.651245551601424,-2.2507918097339,1.29537366548043,0.197324596351945,2.63035996875483,-2.24804878408484,0.10043130920851,0.951717420944581,-0.0286664488600249,-0.102239151449566,0.18265369193376,-0.768068906586616,0.269147602122879,-0.0556272583258413,-0.0632231399176648,-0.153878619341013
"24","2","Lush","watered","fertilized","FW","22",1.54991062134817,0.803002585540212,-0.760331430382851,0.416499922996793,24.1448514950022,1.69258114727746,0.993197278911565,-1.98664053376406,1.98299319727891,1.04814849985936,2.68955074636927,-3.40033062140444,0.272608186748681,1.39729679011202,0.621510665852941,-0.272092781565185,0.364510737296274,-1.07694793982569,0.812632596990481,-0.419571591928306,0.730603337356053,0.151165256788317
"25","2","Lush","watered","fertilized","FW","25",1.50763077306796,0.890514127056291,-0.898293550727767,0.416807888590542,23.2858904253592,1.62207665642914,0.889380530973451,-2.13627141430065,1.8716814159292,0.902395476971469,2.68871207385559,-3.0931400847254,0.407490871705918,1.32132713817899,0.512643463928442,-0.123978708652558,0.391053850224243,-1.07414509295235,0.712295736475786,-0.316007226538255,0.578924188632269,0.165509411982944
"26","2","Lush","watered","fertilized","FW","30",1.58850695168074,0.86268048483448,-0.808555117578111,0.418036634420669,23.9794806159251,1.70438252354209,0.965116279069767,-2.02883714696024,1.7906976744186,0.816848041121175,2.68770887717083,-3.21258231403188,0.399636010996254,1.26882910652111,0.516595287665753,-0.392194347995669,0.331476232529162,-0.955871752530217,0.806681815882017,-0.393581767045795,0.584561420398319,0.108402640092541
"27","2","Lush","watered","fertilized","FW","32",1.49680275379859,0.795049684133693,-0.804275531912922,0.416836905144818,23.7711481625267,1.70476794639185,0.943820224719101,-1.98348842674892,1.83895131086142,0.872331884877518,2.68319569638481,-3.23501251440678,0.266745810274635,1.33850679231135,0.501322189223298,-0.28377049242083,0.311553949372175,-1.00905237191144,0.78050207287411,-0.366663747372708,0.533957852082298,0.109495791630172
"28","2","Lush","watered","none","W","13",1.29907138144709,0.61943714295705,-0.562416677641356,0.417082975424943,22.5251053181696,1.76116470360284,0.83710407239819,-2.03211500792605,1.68325791855204,0.813951190077702,2.64801507142697,-3.02791187977236,-0.0771508629278308,1.23215342997019,0.464718501353518,-0.193407791250776,0.167608194924619,-0.968477983036632,0.461407335515845,-0.13331041020534,0.294858036184247,-0.0131379520461658
"29","2","Lush","watered","none","W","23",1.53754779296114,0.828125063202852,-0.779271969747897,0.416138904158487,23.9319323355686,1.68600218441019,0.969827586206897,-2.01008204100137,1.94827586206897,1.00421855412615,2.68777347673642,-3.33895652383765,0.294440970583513,1.37180910251989,0.590122076707408,-0.246671198296452,0.356582856228197,-1.06381964660425,0.780986747748178,-0.394439761319532,0.681221811139623,0.150588185829739
"30","2","Lush","watered","none","W","27",1.512288432047,0.771349422791332,-0.749099240207336,0.422286264843936,23.6061113080644,1.6708218363,0.932432432432432,-2.01661314153224,1.91891891891892,0.862014545595133,2.6880420805514,-3.17373345323908,0.237456475237764,1.30694530242129,0.562341148177139,-0.209771812067299,0.299134695209556,-1.00027794864279,0.832289260593726,-0.357683998875754,0.650956853621606,0.128455165147741
"31","2","Lush","watered","none","W","33",1.52503685073395,0.828345212397891,-0.824737365433828,0.416283378042088,23.7591975740504,1.67400704372331,0.955465587044534,-2.03640074037202,1.91497975708502,0.956940466321177,2.6817665871999,-3.27653836701512,0.301908442574157,1.35820320426563,0.52775551246673,-0.238492700596356,0.376412928877677,-1.04666973539949,0.752413850233718,-0.359630758149067,0.6450726350678,0.154068503938668
"32","2","Lush","watered","none","W","36",1.4986889115548,0.531778404036032,-0.605616048288357,0.42145049048511,23.0991645475506,1.60847519024499,0.839195979899497,-2.01189844704384,1.80904522613065,0.612986442365847,2.68561956681494,-2.87926639474928,0.121150170616456,1.21910973403167,0.570124598770502,-0.162805181440494,0.237978950401647,-0.811783626224831,0.744939876983731,-0.450927211525154,0.511010374347266,0.0428127877967427
"33","3","Harsh","none","fertilized","F","45",1.27622867493658,-0.500470048015069,-0.0925426889256954,0.449058074400806,18.0925588217932,1.33590393565223,0.2375,-2.12957124527968,1.05,-1.07660535143466,2.67109287244027,-0.740866094993387,-0.46899228149214,0.404383850851405,0.238115935468163,0.245228705257759,-0.337741061710211,0.070133520713973,0.504074347553292,-0.479361738869882,-0.354062480654461,-0.408764054050004
"34","3","Harsh","none","fertilized","F","49",0.64203616593767,0.513869241918045,-0.33147338054361,0.408821315492567,20.6138477441593,2.25547955228589,0.884892086330935,-1.90870440260504,0.884892086330935,1.21190215592754,2.51480601981268,-3.25279922949551,-0.954665805674641,1.20110128612208,-0.0380821099012144,-0.768546258433724,-0.193013975551185,-1.36770558596049,-0.437026521148455,0.76583083935456,-0.649466266330421,-0.29760824525262
"35","3","Harsh","none","fertilized","F","53",1.17814022160292,0.668444410016343,-0.563345525304537,0.413852555654384,22.4555954335521,1.76713764985228,0.776536312849162,-2.10910585873111,1.70949720670391,0.868771200463294,2.63152819341943,-3.02891107513923,-0.149977835176882,1.2918017953064,0.470534869716062,-0.0367143479550146,0.217420443306924,-0.977919845772879,0.334298411747713,0.0453777701561877,0.188578792930151,-0.0143105290775297
"36","3","Harsh","none","none","C","47",0.823243012496374,0.345006104900388,-0.319871109261199,0.416516296039212,19.7732218643575,2.1488332284931,0.850467289719626,-1.93567955015157,0.94392523364486,0.389339213303244,2.45204607254438,-2.89851400264868,-1.06666417057302,0.886030619280386,-0.493153485620245,-0.7479420628508,-0.122761546730539,-0.610241730971259,-0.432393508755133,0.74626515147485,-0.453269159574196,-0.243157720358503
"37","3","Harsh","none","none","C","52",1.15801458864585,0.545917324402825,0.180355805728431,0.420758386790647,19.7044334145061,1.15774858878915,0.0539419087136929,-2.80199714102539,1.73029045643154,-0.357220522893604,2.64494761700828,-1.29452283364987,-0.0784063334197383,0.723754995809445,1.0309593594083,1.15678652223007,0.128928745110638,0.0954522376422656,-0.100480318905713,0.138874986092593,-0.0591566025655697,-0.0143390469111885
"38","3","Harsh","watered","fertilized","FW","46",0.903533563327947,0.194968916570178,-0.426838777081697,0.420972148150003,16.4972959726149,2.19143570813968,0.941176470588235,-1.7392779239151,0.970588235294118,0.675624920339151,2.59995276168691,-2.71879367748505,-0.734448512490989,0.891634563042994,-0.417743526751461,-0.589300927554759,-0.80117815181862,-1.44563688093556,-0.140701081534309,0.0879953924930025,-0.20106548819234,-0.392521745833708
"39","3","Harsh","watered","fertilized","FW","51",1.26449155551986,0.716834272585083,-0.621067381265073,0.414472440789142,22.9405848055797,1.78147488690624,0.868995633187773,-2.05209890947144,1.75545851528384,0.965699214854791,2.64042296363812,-3.19847731746064,-0.0682681665012004,1.33098260060242,0.474461292407962,-0.177304381289732,0.244132116675966,-1.04107784588126,0.443419902175491,-0.046348900713213,0.329108398656291,0.0313588459986174
"40","3","Harsh","watered","fertilized","FW","54",1.47820910539255,0.547721943045662,-0.757524478346521,0.423174552873197,23.2638145589512,1.59513014022478,0.917241379310345,-2.07553405375417,1.84137931034483,0.81955744980593,2.67497002694711,-2.98081992795223,0.128474819970489,1.33537993556322,0.497825185986193,-0.246135045403502,0.363737539450953,-0.988719182157048,0.726892563982464,-0.345679412155711,0.632007924151427,0.105631236423958
"41","3","Harsh","watered","none","W","48",0.952122761757706,-0.984814850802222,-0.637168121932731,0.301212956545067,19.5412144128749,0.738780397545634,0.987341772151899,-2.74962805770103,1.72151898734177,-1.06276473732531,2.46488911219901,-1.92401358528362,-0.343958501062117,2.84994029257954,-0.964036124832018,0.109367870616109,0.48475166286061,1.01114691592891,-1.59382439745908,-0.637440451314003,0.369662376124814,0.0318598769109309
"42","3","Harsh","watered","none","W","50",0.669641953049157,0.414157893265256,-0.48032636262556,0.414433205020616,20.2234607968044,2.23453070017385,0.896551724137931,-1.89368414172016,0.896551724137931,1.05061108346537,2.52559062646018,-3.10994606849936,-0.910251652712679,1.19118020424677,-0.191918198456749,-0.752437268245676,-0.214394834443736,-1.35900577445936,-0.288382134716203,0.69764774144865,-0.590106968096147,-0.322562747862958
"43","3","Lush","none","fertilized","F","55",1.55380987872273,0.84075048748652,-0.789351964433671,0.416143266400648,24.0644764985513,1.69161071231997,0.985294117647059,-1.99776168834665,1.97549019607843,1.02413039560509,2.6895831960985,-3.38493610889706,0.308202438142551,1.38315251373811,0.596729376217942,-0.256133314220964,0.366106582691976,-1.06987276623808,0.809715701285724,-0.411445950163938,0.715651131649235,0.158502886533839
"44","3","Lush","watered","fertilized","FW","56",1.53398646173539,0.784727610079283,-0.767905827140447,0.416647867447508,23.930981944388,1.67837460720529,0.96875,-1.99977372955566,1.95888157894737,0.99623119005815,2.68839567004833,-3.3258726502981,0.26589221675564,1.38069697485796,0.595076239778143,-0.23955759086184,0.354748696042384,-1.05738021481911,0.79237829810947,-0.410589825107977,0.690475508112884,0.144273958979687
"45","4","Harsh","none","fertilized","F","59",0.528981861874685,0.498580283474055,-0.715421369391121,0.40647458977598,21.4313387896601,2.36056087976757,0.961538461538462,-1.84244101495257,1.02307692307692,1.41042040670868,2.50318916553062,-3.56897623988392,-0.987384000175694,1.46996425382212,-0.268318384441211,-0.733628384758002,-0.00509532841856132,-1.56777960195635,-0.28231667520801,0.884283770743218,-0.657895471247604,-0.319890732819779
"46","4","Harsh","none","fertilized","F","66",1.0768711304149,0.300459247297933,0.531348070919824,0.426557014290538,17.9590217767636,1.67510387805053,0.539772727272727,-2.1917814991091,0.744318181818182,0.248518484535288,2.59779618580386,-1.82373793582131,-0.677279752162723,0.464303842640495,0.618240292442074,-0.44139423858025,-0.599136003860211,-0.635137226167802,-0.492650114227669,0.139940604667023,-0.398706880268732,-0.193932427964596
"47","4","Harsh","none","none","C","57",1.35365842318956,0.496361786532081,0.60851893943731,0.429284055289932,19.06075419462,1.10277155908468,0.0540540540540541,-2.77302943741723,1.43243243243243,-0.631215603164231,2.65038908144152,-0.97943120099124,-0.0837181736156417,0.336314780293269,1.19080353150499,0.797420073147718,-0.116206213152801,0.338495101778872,-0.184331551199473,-0.0321903011310126,-0.046163375247679,-0.0163485388096661
"48","4","Harsh","none","none","C","62",1.32320393314216,0.514724009160106,0.571373656518134,0.42726343781185,19.4070204990402,1.1272335585648,0.0714285714285714,-2.74679402582639,1.47619047619048,-0.522951542054628,2.6573550322851,-1.09133212264992,-0.0770536169701933,0.426260260809107,1.22967755458866,0.814797492563476,-0.100230782136897,0.255741602071429,-0.144939478396363,-0.0347126113784037,-0.053951929825137,-0.0219946220258165
"49","4","Harsh","none","none","C","64",1.45418055050788,-0.142804849620987,0.638043875945861,0.441329630424191,18.1276875105062,1.15621121114996,0.0666666666666667,-2.43643277255225,0.955555555555556,-1.2744432212436,2.65100621851539,-0.488121534096758,-0.333227559803222,0.0258757539768064,0.803349882602621,0.303511417559122,-0.377425797079976,0.609982235281196,0.0149422442896376,-0.405432075270848,-0.338765024691242,-0.273363082680883
"50","4","Harsh","none","none","C","68",1.39569782715956,0.0616253018386583,-0.154226021428909,0.434917818869342,18.7865910055757,1.2268713454243,0.166666666666667,-2.45983234382702,1.38888888888889,-0.846675345322774,2.6562896667793,-1.00092482158035,-0.080315563348377,0.433064331720496,0.456195706502941,0.637694229739983,0.0156995324176162,0.162091757547787,0.275025193577302,-0.315044772324086,-0.104045397925647,-0.176230751800645
"51","4","Harsh","watered","fertilized","FW","58",0.999248877529456,-0.478722719818784,-0.203394237120148,0.44706138846069,17.2557175207857,1.50011208972623,0.307692307692308,-2.10499250466097,1.14102564102564,-0.593319665022469,2.56053601423222,-1.20200833779494,-1.03537398822851,0.477425743463768,-0.151209318351292,0.272444261076759,-0.142523009894421,-0.182223927949675,0.0747851280477073,0.0764238343801857,-0.361902305525778,-0.296242753151583
"52","4","Harsh","watered","fertilized","FW","65",1.00669721180563,-0.614090031746803,-0.151381557529928,0.443788621458007,18.4410843588962,1.41692029684098,0.257142857142857,-2.10256208990525,1,-0.894124144979457,2.64282376656648,-0.883419870019318,-0.737545738182007,0.672064021077074,0.143275137943328,0.233482660984316,-0.310039163511266,-0.0711791737873257,0.372805450384764,-0.226599051824619,-0.583524257656609,-0.471879868159478
"53","4","Harsh","watered","none","W","63",1.05281008510101,0.0787593936146832,-0.00321689188399698,0.42637559603725,19.4873586441143,1.44915608936516,0.26984126984127,-2.3645482977875,1.38095238095238,-0.415470646576186,2.60177046191681,-1.52100772187038,-0.537818549748631,0.736762323117514,0.44144531869354,0.506492467667359,-0.0422338274596887,-0.0323875190704186,0.00702106342124535,0.106005526112216,-0.300938091988732,-0.225301869953729
"54","4","Harsh","watered","none","W","67",1.09945219842104,-0.0960450716628405,-0.0124942251918796,0.435134983768873,19.0347430208793,1.38077219783187,0.25,-2.35115805093692,1.15625,-0.512381769030861,2.63329822407031,-1.17677292089453,-0.476905409576533,0.638723788673534,0.474006171349097,0.344826491574416,-0.135399316917922,-0.13363819495973,0.113379300670907,-0.0427644363511805,-0.387129501749939,-0.280979587645615
"55","4","Harsh","watered","none","W","69",1.12278502575586,0.441382796984065,-0.141007014869235,0.421712066377402,19.8262503072905,1.77777579225983,0.583333333333333,-2.1845406725322,1,0.189478887312347,2.588199297473,-2.18020118266085,-0.391324882316909,0.696435954762543,0.263497072222684,-0.312278156037358,-0.163719183187082,-0.581028564062054,-0.125307946788136,0.196442129442723,-0.361401567980493,-0.216616051720421
"56","4","Lush","none","none","C","60",1.78841595212024,1.14704281324446,-0.824922690408013,0.423020048681045,23.5027181592704,1.75749881304435,0.916666666666667,-2.01873893735485,1.65,0.255579347467132,2.69420023821629,-3.00239678079296,0.710374505457633,0.888230933742839,0.34025283612588,-0.463887111750158,0.173801475109266,-0.571158752728825,0.950412650142172,-0.468067405783286,0.516226760190409,0.0908842337509469
"57","4","Lush","watered","none","W","61",1.97413216233716,1.55233463175271,-0.973779403678475,0.420105797200083,24.0987567513829,1.87285612701271,1,-2.00505952296916,1.58333333333333,0.132634734013719,2.69766447102595,-3.21990703737401,1.08728315748913,0.74702037363883,0.215847332730587,-0.687203982263803,0.170777867812195,-0.456796204906668,1.05940056633919,-0.492679454806641,0.54453275462233,0.127458671444818
"58","6b","Harsh","none","fertilized","F","101",1.66842797342596,0.290345456523281,1.22190031977806,0.455885371542894,17.7064708851292,1.12289652448319,0.257142857142857,-2.62839434523454,0.285714285714286,-0.879393956893311,2.68109446046473,-0.304184566267141,-0.0428816911137999,-0.356502733927682,1.32224335503564,-0.661743868761741,-0.751545273239731,0.255698749173493,-0.28847498352815,-0.311373553954773,-0.258532134292062,-0.124808701120087
"59","6b","Harsh","none","none","C","103",2.2110070271212,0.760457441163327,0.119605685863199,0.449414595544751,17.697151456877,1.23011835463573,0.166666666666667,-2.59616105351492,1.08333333333333,-1.76460640681545,2.65328343802651,-0.644624857769271,0.715986908154972,-0.719289567608993,0.351036645385494,0.136580103078339,-0.149955465052391,0.997197480871276,0.338472981262135,-0.621382788864387,0.265346050316628,-0.0412805432379469
"60","6b","Harsh","watered","fertilized","FW","100",1.43565286132521,0.65119277940826,-0.648453796927229,0.426496067113691,21.9004444624339,1.74817123926145,0.921875,-1.95471300643562,1.828125,0.721401610951798,2.68012574607185,-3.02071024416966,0.0539778550524105,1.16654935778828,0.381416222161805,-0.186479580596494,0.0256549410059687,-1.02196294870333,0.733480354990682,-0.325533428703171,0.601016453609701,0.0409762905364953
"61","6b","Harsh","watered","fertilized","FW","102",1.74192054599339,1.30658472612202,-1.08322448817079,0.413670878479996,16.4537935246007,1.64235854557528,0.558823529411765,-2.80376352152863,0.632352941176471,-0.994817113295141,2.65689530751412,-1.2713059074756,1.35179688888307,0.132844758944467,-0.595852715287911,-0.311374299753001,-0.251521488944275,-0.201750622483115,-0.100494463502723,-0.0933250066130966,-0.179629435121912,-0.193846332476827
"62","6b","Lush","none","fertilized","F","105B",1.62938854570534,0.938524216978211,-0.803821477238866,0.418447344601552,24.0879586558611,1.71996106404663,0.986198243412798,-2.00102468974673,1.90025094102886,0.839924077235246,2.6908614133688,-3.32593963460925,0.427437911459809,1.26028245449296,0.535487444006213,-0.34394803350675,0.326201261550409,-0.941477995012559,0.869819812109648,-0.422389210228517,0.692055244165054,0.14390252638367
"63","6b","Lush","none","fertilized","F","111",1.67602460954332,1.02501876199393,-0.8397595803531,0.418244576858985,23.9507890716131,1.73726851190073,0.979527559055118,-2.01379379178197,1.84566929133858,0.726153038036207,2.69079975167215,-3.2850620100332,0.52878794343917,1.17781782920833,0.470917389874653,-0.377374429696215,0.304451743539035,-0.872234130914935,0.875623431858027,-0.428743582904723,0.660400232378504,0.139506741006623
"64","6b","Lush","none","none","C","105A",1.62412594932762,0.969585645282256,-0.813861166509663,0.416692734927521,24.0766432912751,1.74648321531627,0.995633187772926,-1.98353283692197,1.882096069869,0.857480881335202,2.68785479013957,-3.37485062001178,0.432022235326225,1.25908197638727,0.509541296322508,-0.367355589369416,0.315010910310817,-0.953132944576302,0.846250366746962,-0.414541544658074,0.663735120013027,0.140564777026788
"65","6b","Lush","none","none","C","107",2.3103800363373,2.14631326282173,-1.19077586979555,0.423877558892029,23.1635340191521,1.9673530381805,0.925925925925926,-2.08361964205232,1.1358024691358,-0.852504156549023,2.70157799403915,-2.77522273626428,1.80222906704042,0.101713350353209,-0.240518169207594,-0.953290451582195,-0.0344645272985613,0.146460460573626,1.18582430002466,-0.540755570090265,0.265567363076173,0.0916978552014846
"66","6b","Lush","none","none","C","109",1.68409780823532,1.05353274731536,-0.812393483617434,0.42517652432194,23.4718373667419,1.73614947626963,0.943609022556391,-2.01880598947679,1.80075187969925,0.472443951171673,2.69071921897335,-3.09823986660295,0.534496304794778,1.04644155314342,0.392658728492083,-0.352918292746199,0.198995029107022,-0.731021135522601,0.948560492555784,-0.390575873899675,0.632584099066213,0.128199583865045
"67","6b","Lush","watered","fertilized","FW","106",1.62501586035093,0.962132100169761,-0.81858726221723,0.416835386423477,23.7607542447212,1.70321871599924,0.96,-2.05443438879337,1.89454545454545,0.83734364762233,2.69072003755971,-3.27027216072514,0.46620790341301,1.24291289147943,0.525797192071313,-0.280933232105829,0.331970145708667,-0.954737886888596,0.803951075451195,-0.405846940850271,0.682554378020693,0.144612072816845
"68","6b","Lush","watered","fertilized","FW","108",1.54549793711638,0.827093925119166,-0.765886757924136,0.417173112582189,24.0435708749988,1.71289452290516,0.990811638591118,-1.97404425032839,1.96477794793262,1.00039313120607,2.6865692288289,-3.39372798910639,0.270135779660859,1.36715975891571,0.580513180524107,-0.27902175004758,0.337498496439653,-1.05068414410756,0.819066395701951,-0.399763364459706,0.705123478915193,0.144965475075993
"69","6b","Lush","watered","fertilized","FW","110",1.62025958620219,0.929319554924002,-0.802693975216802,0.417133397494954,24.0402956058449,1.71881797008943,0.987522281639929,-1.98782426009528,1.9144385026738,0.871632793602929,2.69069077828484,-3.35081650235037,0.410473320063837,1.27828973582359,0.537179009925119,-0.326322626987892,0.324999599351411,-0.962994984920556,0.852711557893125,-0.435640237783625,0.69178009507179,0.149365725181143
"70","6b","Lush","watered","none","W","104A",1.57043820040511,0.801180851433629,-0.707491683715458,0.418097251053682,23.9830956651396,1.67929814083518,0.973913043478261,-1.99484389206868,1.94782608695652,0.996947459448173,2.68891398222456,-3.33073431377111,0.26870913434451,1.32837549549465,0.640528267559774,-0.282899354932021,0.341390061844022,-1.0350734533469,0.795837348390793,-0.427097259315844,0.71997235529182,0.152207979961486
"71","6b","Lush","watered","none","W","104B",1.87754893617606,1.53195016239222,-1.07735445872347,0.414012279045433,21.8998780043293,1.67014785359744,0.772946859903382,-2.53180448889505,1.45410628019324,0.133146095346827,2.69247918994831,-2.57653642324136,1.2926902544486,0.679280565345844,0.212289868739567,-0.264380356145839,0.323634944503415,-0.592062492799961,0.540431238771408,-0.258965440400673,0.440353038501269,0.0889086130185198
"72","6b","Lush","watered","none","W","112",1.62178679422873,0.974563724150945,-0.847728674074671,0.415890459617903,23.2470865478447,1.67595309562489,0.910714285714286,-2.16013470929128,1.77678571428571,0.75543073695661,2.68517088439465,-3.08642179345636,0.535310129291997,1.16935860736941,0.471696556717508,-0.273448044892848,0.34684296525426,-0.93341201230741,0.680596708632138,-0.349355185271301,0.594829695719999,0.121161561590411
"73","7b","Harsh","none","fertilized","F","117",1.08702050235802,0.263743633792762,0.348901060048877,0.426499931510584,15.8505552621207,1.93372950715687,0.761904761904762,-1.94358897544466,0.761904761904762,0.379367640221911,2.6090012955192,-2.14387829185506,-0.717509202297343,0.442047257199756,0.165964914885117,-0.616370276831147,-0.991798739858912,-1.00821975220511,-0.448233394232001,-0.00966931509385635,-0.188581570798892,-0.290415236767076
"74","7b","Harsh","none","none","C","115",1.77447004102039,0.392787869024721,1.8780834572278,0.440646526548039,17.1827811976599,1.12639989761491,0.217821782178218,-2.56460316192932,0.277227722772277,-1.45616407173597,2.652553526212,-0.283217357342571,-0.139016863976268,-0.594491839013934,1.42718717800087,-0.65931547448038,-1.11037882310869,1.01316105674624,-0.615022924167487,-0.456869128158799,-0.274280404833786,-0.133395269393307
"75","7b","Harsh","none","none","C","119",1.50926639643268,0.549022351301456,0.539202635676681,0.428435323020978,16.092863471198,1.87127720178453,0.714285714285714,-1.98095149764462,0.714285714285714,-0.410166254555533,2.66485414747384,-1.82254232008978,-0.120144645872844,0.0398312133495011,0.294054855188496,-0.688456861444278,-1.2161235238031,-0.360832489186779,-0.152816406093588,-0.423805423801383,-0.0484642038832149,-0.323221753455953
"76","7b","Harsh","watered","fertilized","FW","116",0.903307271272518,-0.361608465441007,-0.498423702481069,0.439941376302838,18.0190796121899,1.20011370051372,0.903225806451613,-2.79889199475501,0.483870967741935,-0.616443523820119,2.58890536913336,-0.774796675533617,-0.301564791800749,1.39289192028704,-0.395825233004226,-1.0164014741718,-0.301666466763366,-0.450849950998382,-0.257647826358265,0.418516842062553,-0.0260363082759071,-0.166738532788781
"77","7b","Harsh","watered","none","W","114",1.11533614219392,-1.62585046280915,-0.699371159440928,0.402170116731575,13.4449281001419,0.520256416136859,0.0570469798657718,-2.33246622687082,0.087248322147651,-2.28578320605886,2.64389039536437,1.05652129576801,-0.330508999328975,0.799558510637592,-0.868392328693748,0.152474637457359,-0.282982115877067,0.522918351405941,-0.51387577709263,-1.1935384793524,-1.22787532297663,-0.358338447944728
"78","7b","Harsh","watered","none","W","118",1.17547477003998,-1.17406459927328,-0.704056263079251,0.377843073902039,16.5068710964448,0.654957727491733,0.391304347826087,-2.41607225611049,0.760869565217391,-1.6030866364995,2.61776374968713,-0.181540548917581,-0.174793556139154,1.40820704334928,-0.644065499865034,0.124906546228899,0.0287449222437174,0.481992631286554,-0.572994317238638,-1.04810863373721,-0.549669867641207,-0.17423540987438
"79","7b","Lush","none","fertilized","F","125",1.81234409839361,1.27410241095867,-0.900098643049261,0.420296587092277,23.9179664586276,1.81123368313557,0.982278481012658,-1.99707680385108,1.69873417721519,0.406119196059625,2.69166673408384,-3.22935619481689,0.776589788141121,0.942718881065796,0.323280909905231,-0.531829676735259,0.220932541270958,-0.65684541051534,0.968245010209602,-0.447098721392259,0.57952032287516,0.127665559067069
"80","7b","Lush","none","fertilized","F","127",1.63634545022319,1.01378940412363,-0.823629860921197,0.416946400739673,24.0839670113114,1.77169637558133,0.997429305912596,-1.9755627517541,1.84318766066838,0.798843004251388,2.68599430144572,-3.37236575152272,0.463349962242732,1.21972539972289,0.472944176645082,-0.406193624410735,0.293591472353217,-0.914372386160512,0.856900633436247,-0.401473782644295,0.629157243079236,0.130146642434747
"81","7b","Lush","none","fertilized","F","128",1.72728487197535,1.1176850822176,-0.88497924395528,0.417694626184915,23.7770698816898,1.7466578790027,0.96661101836394,-2.04341803186044,1.79131886477462,0.609224624705303,2.69174276404276,-3.22753328797611,0.650534821574595,1.09321615604978,0.408095543034955,-0.396932188565705,0.291747486870332,-0.803686635166445,0.87288406848879,-0.436271891549029,0.630773270124477,0.135818800162436
"82","7b","Lush","none","fertilized","F","129",1.77857122689424,1.1898314990371,-0.858286167982212,0.421669060389207,23.8475962749848,1.78894464538857,0.978571428571429,-1.99439408468953,1.75,0.468645314907135,2.68870487930051,-3.22729587372142,0.674351440970616,0.979599499591821,0.35982808852071,-0.483829648303905,0.232880872882216,-0.691460429493487,0.95394499301147,-0.43528912929141,0.622591892344979,0.134974508374704
"83","7b","Lush","none","none","C","121",1.60802705122609,0.954793332982194,-0.805029441173754,0.416761041368824,24.0483653280491,1.75680372441278,0.993827160493827,-1.97654124131313,1.87037037037037,0.854873813982661,2.68515814105628,-3.37450547905262,0.403746685062821,1.25929831087597,0.499558932849758,-0.372565267889342,0.30579687412984,-0.952118580990083,0.835582388048925,-0.398532764156781,0.643005404147874,0.12985937188048
"84","7b","Lush","none","none","C","123",1.64284392516398,0.932497459332174,-0.852031176368016,0.424792130205896,23.1262319169457,1.60463956089536,0.84796573875803,-2.30910076785447,1.66167023554604,0.508936246685228,2.6880776495165,-2.73354739140837,0.614084748587181,1.06490833262329,0.470391324216645,-0.292832277526887,0.370738313150912,-0.799245640202919,0.727658428969381,-0.263526359536754,0.561192535376385,0.0839599235883417
"85","7b","Lush","none","none","C","131",1.96313349800079,1.54161631218186,-0.958417199026211,0.420378722827426,23.5808011096581,1.83184397351902,0.931034482758621,-2.09695149219353,1.50574712643678,-0.0467638529998032,2.69717945534647,-2.98709517452294,1.13614838532105,0.673732055953156,0.183833896285077,-0.615831051062867,0.141232879582019,-0.356407290553754,0.98776613461621,-0.458027092037502,0.463125947258899,0.094639359701242
"86","7b","Lush","watered","fertilized","FW","122",1.69867898390267,1.26176386910428,-0.955364717002941,0.414824011339165,22.534373369317,1.74891252563362,0.864686468646865,-2.25051236410889,1.58745874587459,0.433479380984562,2.67833901273367,-2.92985383073311,0.81478544044952,0.921857784011132,0.257101961252306,-0.320034001883351,0.264427902962859,-0.760249071428652,0.618946466263214,-0.262991124948999,0.441060210485387,0.0862057409252925
"87","7b","Lush","watered","fertilized","FW","126",1.64349209987006,1.01158056382705,-0.84073221958257,0.41576429331773,23.6240774866632,1.70217128815342,0.945402298850575,-2.10085758137036,1.85919540229885,0.802790264860977,2.69057835523796,-3.22652004803648,0.537997943330159,1.20571693705518,0.507612945180592,-0.278156071476872,0.339825487743765,-0.938324461502506,0.765958806960197,-0.390751186097931,0.66196581411836,0.138320805126754
"88","7b","Lush","watered","fertilized","FW","130",1.88257202496082,1.26430062122426,-1.14677973139296,0.416983448240253,22.0363847257331,1.62865467752866,0.814229249011858,-2.34284866042403,1.56916996047431,0.0938222701110849,2.69406995365771,-2.61759089620398,1.10574074215607,0.769803490284127,0.111650489954858,-0.255677543588808,0.347130704498517,-0.580010439223895,0.719872528330466,-0.445881499412482,0.525850076861937,0.110418703864633
"89","7b","Lush","watered","none","W","120",1.75092495575252,1.17570658318834,-0.832169717910779,0.421338341864404,23.5418019852249,1.76834518287493,0.945945945945946,-2.02749815110159,1.70945945945946,0.419193184381414,2.68964845249014,-3.12366329888185,0.670717207601136,0.963763326403001,0.362265379522523,-0.443685927820858,0.19887007794027,-0.676987119978182,0.903005934632443,-0.416976421389457,0.568742274852434,0.1221186973246
"90","7b","Lush","watered","none","W","124",1.73756850988112,1.33721092278328,-0.99188118422424,0.412663717706669,22.3001935082259,1.71062647364564,0.831168831168831,-2.38347342846509,1.58441558441558,0.445288614192092,2.68327725562482,-2.84524255734196,0.96169892891298,0.890670223525436,0.290584667754151,-0.249698067361184,0.321742429631851,-0.776678158855433,0.537663482982172,-0.24319051918638,0.474648722344057,0.0904699749562985
