"","species","PC1","PC2","PC3","PC4","PC5","PC6","PC7","PC8","PC9","PC10","PC11","SCT","Mass","Carbon","N","CN","Length","W","area","Shape","Intensity","P","Texture","Fit_rect","Compact","germ_is_disp","lump_dispcat","mucilage","Starch","annual","family","Functional.group","how3d","SCTmm","SCTperL","SCP","SCTperW","SCTperMass","Disp","SA_2D","origin"
"1","ALLFAL",0.896615363297645,2.02937141916838,0.0260881808134919,0.268929983454385,-0.0145559246860805,-0.00193430816408748,0.651672991388329,0.671981583283087,0.588141574690718,0.45995541989577,0.25842728060885,1.67332005306815,1.40224644733382,0.436761092150171,32.6689419795222,13.369306310071,1.02351331281187,2.0650592,1.37106429521256,-4.12983271680384,5.033866,1.90348360901154,-2.27583919471629,0.74678339,2.6529739074605,0,2,0,0,"bulb","ALLIACEAE","Forb",0,0.035,0.112145262083737,-0.887436770457526,0.130187044874814,0.0927983116842368,0,0.532419313798986,"Native"
"2","ANAARV",1.91050519692608,0.752247159635838,1.11717794647879,-0.309123388921716,1.28392856679561,1.3605176358397,-0.595227643959855,-0.0601889693180458,1.00107388052487,0.0396921367762932,0.413860403159201,1.34164078649987,-0.837987998616981,0.505330016583748,22.9850746268657,21.9851370851371,0.197744181029447,1.0280981,-0.0964531707696968,-4.76725566032509,7.176409,1.12488501806978,-0.972138196560036,0.81554451,2.68813520264763,0,2,0,0,"annual","Primulaceae","Forb",0,0.0225,0.135878785277519,-1.22905077634581,0.147936037138251,0.228064684668606,0,1.22133818883948,"Non-Native"
"3","AVEFAT",-3.01362647190509,1.9217545282367,0.0791542385515087,0.760762392199486,0.970775564479428,-0.543003521272363,-0.0624157827413593,-1.5382002528895,-0.537682769139419,-0.209834694010256,-0.0456297607160552,2.56904651573303,2.59260493074192,0.425799367825653,17.7657627682582,23.9674126790898,2.11680362962042,2.3974183,2.71037456434246,-2.04939670969689,36.966633,2.84816535645264,-1.1708040533053,0.77405444,2.7091420281871,1,3,0,1,"annual","Poaceae","Grass",0.269706614727089,0.0825,0.0996710208624266,-1.2682391662442,0.185504763533904,0.0785687722435565,1,0.137790792110175,"Non-Native"
"4","BROELE",0.811405161009641,2.03387522190793,1.17292055075071,1.0232723167009,1.47773733435637,-0.22486825260875,0.250949129764776,0.633375816367524,0.982225634167577,-1.26612595088481,0.112611522821502,1.84390889145858,0.982153375973858,0.457297161936561,26.661101836394,17.1522229179712,0.687996136683123,1.7016795,0.892962655880126,-5.04187359897924,3.8314516,1.64999655708082,-1.87772634971231,0.8051196,2.67311430752396,0,2,0,1,"perennial","THEMIDACEAE","Forb",0,0.0425,0.146149724881278,-0.883956457720279,0.158035837224345,0.126160258226387,0,0.757033901200696,"Native"
"5","BROHOR",-3.69747829191496,-1.65549885367835,0.842125451233109,0.812790707471032,0.0303052450866877,-0.0653399580587165,-1.40942790990709,0.723482634535339,0.970316833543115,0.661595684335269,0.338905492000029,0.469041575982343,0.544357106974783,0.403233106013639,18.7755734655921,21.4764735017335,2.44769550676209,1.8789379,2.35146358659565,-1.80518576791072,31.684679,3.14007574814226,1.53311742370047,0.52244457,2.49110949112267,1,4,0,1,"annual","Poaceae","Grass",0.117180610950795,0.00275,0.0154225441060628,-0.737359501377006,0.0382569315227125,0.0399448415748056,1,0.788612161546613,"Non-Native"
"6","CALCIL",1.65671522995243,0.694686372788201,1.03595298327389,2.03714237763306,0.412226597006832,-1.07233670715743,0.988663186740503,-0.880479396388807,-0.530189742597525,-0.591381039029575,0.15987354074,1.67332005306815,-1.08803509163034,0.478072449318711,32.5623130608176,14.6817717901613,0.339875047630171,0.94168466,-0.0387842700084479,-3.23557577499489,7.024024,1.19166917413471,-3.85646446278322,0.789683385,2.68642732796976,0,7,0,1,"annual","MONTIACEAE","Forb",0,0.035,0.157845095900307,-1.12033132612472,0.192788566566995,0.322327856699856,0,1.23045344414315,"Native"
"7","CALPAU",-0.750273999055052,0.802345593904729,-0.39158751451876,-0.419398046631795,-1.01029506111046,0.723419989649399,0.925912814922218,-1.06896605680358,-0.840014534689151,-0.597655329255273,0.0427778982510705,2.23606797749979,0.327661004001989,0.452674212946586,27.8705341351256,16.2420357913441,1.13917092051146,1.444655,1.14023968676381,-2.52762839039768,7.3893639,1.93309369665415,-1.9395354010061,0.7311858,2.6312299803459,0,4,0,0,"annual","Asteraceae","Forb",0.201368759552104,0.0625,0.14143998001696,-0.733078420939705,0.207997414325335,0.212221473536818,2,0.792854009890333,"Native"
"8","CHLPOM",-0.0750081189170856,2.00713892302977,-1.21328118949445,0.0881447311909517,0.343477444040195,0.212469961236447,-0.723725969065072,-0.0392624932520732,0.648709861825177,0.359547742256608,-0.25263029928285,2.14476105895272,2.3095287481084,0.497337115072934,34.3176661264182,14.4921601964674,1.38002907514096,2.7120518,2.06510837333592,-3.3870510452423,4.4755521,2.28194711749168,-0.731069404315595,0.76625936,2.65631305032016,0,2,0,0,"bulb","AGAVACEAE","Forb",0.16586980786892,0.0575,0.120271967693397,-1.15967792412775,0.145607897927263,0.07556594655703,0,0.216838744155766,"Native"
"9","CLAGRA",1.51471463957051,-0.720358888812655,-1.29209759392279,-0.128984816573929,-0.272849362415263,-0.747701343651625,-0.233108547729759,0.52973163225713,-0.233925475370082,0.0752949921584189,-0.122721437548458,1.4142135623731,-0.895508192691627,0.517165648336728,63.9850644942295,8.08259946949602,0.579909667096663,0.8153881,0.0293713186481763,-2.6755143953108,11.849313,1.37611949731109,-1.18766487113728,0.79495482,2.63100449359883,0,7,0,0,"annual","Onagraceae","Forb",0,0.025,0.118316201985917,0.646097665126697,0.175100674839718,0.247415633282451,0,1.34674817866291,"Native"
"10","CLAPUR",2.13875392595659,0.160724755980433,-0.707747753230631,0.589174905022735,-0.297228415682225,0.444155591117509,-0.628546986112377,0.279652404224634,0.448136287308273,-0.226111086607179,-0.0134315711017289,1.48323969741913,-0.955915526657423,0.538604395604396,56.5457875457875,9.52510202759604,0.406973303542777,1.01480362,-0.0220825547567142,-3.67257082961546,14.020755,1.24856585865375,-1.30205281323434,0.76264321,2.60200137882537,0,7,0,0,"annual","Onagraceae","Forb",0,0.0275,0.135298573252678,-1.00393128813676,0.16461725026182,0.267448869271606,0,1.27064841341046,"Native"
"11","COLSPA",-1.51239438810458,-0.256975981644377,0.918122302415449,-1.78402769074269,-0.52982412026648,0.55221573487623,0.0588166782329987,0.149932990957521,0.143988810987042,0.0433223467033786,-0.0181690692986505,1.08397416943394,0.712051801283051,0.413686113393591,20.1002465078061,20.5811462676805,1.14200384303999,2.2112972,1.6314595660653,-2.87612202909751,13.7594231,2.04347526509836,-0.0576216340510432,0.78745827,2.67239942524917,0,5,0,0,"annual","Plantaginaceae","Forb",0.357115397136589,0.0146875,0.0684685224874532,0.201308418610064,0.0814986437997742,0.0848894765742757,2,0.41201569903306,"Native"
"12","CRYHIS",1.19824219390103,0.00769311475468018,-1.59195924309964,0.895086460379223,0.0301103186464591,0.585008198551466,-0.184192987495124,-0.193980392131251,-0.547202393712722,-0.000800419878156987,-0.0932791263912184,2.14476105895272,-1.02398730732953,0.519812350733538,46.301603548277,11.2266597892565,0.640096448045438,0.87299704,0.0439478495410302,-2.67405276125271,12.6693285,1.42897844487539,-1.34424288911692,0.6861189,2.5452730422394,0,7,0,0,"annual","Boraginaceae","Forb",0,0.0575,0.174116025353435,-0.808219226713707,0.256641885179722,0.400119705888103,0,1.38503059533436,"Native"
"13","DICCAP",0.190479026523303,0.118453860169878,-0.00841264002649682,1.7166812403457,-0.0407589008843863,-1.69754002469143,-0.0879319698770562,-0.378626254957708,0.152678711366617,-0.207337358181096,0.0285115494149342,1.34164078649987,0.17085728288807,0.494248739495798,41.690756302521,11.855115697815,1.26808174883368,1.4313608,1.25457030570566,-2.48351160974305,5.041452,2.02200028196041,-2.25119512077995,0.72112719,2.65135945408676,0,2,0,1,"perennial","THEMIDACEAE","Forb",0,0.0225,0.0795666010244119,-0.640969489456686,0.12537666094497,0.137717798450728,0,0.767429976254746,"Native"
"14","ELYELY",-2.74797427033549,-0.245264294776828,0.33819328951111,0.210099223350618,0.490162721997202,-0.886555975063897,-0.888022448489801,-0.0196422711064345,-0.56694099950742,-0.160885207543154,-0.0841622044838107,1.58113883008419,0.927230671912489,0.413631561571476,21.5978870914493,19.1514827269948,1.78883299126556,1.06354994,1.54398710328834,-1.77797598776172,35.738312,2.51691842807734,0.378265599210711,0.76570198,2.67761700036402,1,3,0,1,"perennial","Poaceae","Grass",0.262328084301555,0.03125,0.0722744611230119,-0.15136743717927,0.171413912256257,0.111193507200381,1,0.972931324789002,"Native"
"15","ERINUD",-0.956769501148456,-0.280671427492147,0.419713133237162,1.22443909466212,0.998337293037047,-0.632378532342442,-0.343881414160455,0.677251957746038,-0.303121016262861,-0.00188654859839547,-0.158364234197223,1.48323969741913,-0.0043092715880984,0.421308030112923,25.0062735257215,16.8480933266433,1.06560840293529,1.2408079,0.76562606218026,-2.57309223876675,15.398703,1.7995165385548,-0.51356219810559,0.64354775,2.58996649672405,0,7,0,1,"shrub","polygonaceae","Forb",0,0.0275,0.0973357595681651,-0.325967198496103,0.148872359619865,0.166188930650885,0,1.03389047637454,"Native"
"16","FRIPUR",-1.23638676300431,0.128312421202803,-0.0980969385015128,-0.890458585337563,-1.87775545537906,-0.984870992273058,1.57027942829568,-0.733677321670872,0.855072317453969,0.284005549172281,0.414582552464423,0.948683298050514,1.67883803431668,0.454314349347757,30.2131721285396,15.0369629317607,2.03858246313864,5.6988539,3.42755748127176,-2.37992061726922,19.242952,2.93858429495371,-2.69569719463077,0.76268121,2.62452810405701,0,5,0,0,"bulb","LILIACEAE","Forb",0.63908138930938,0.01125,0.0382739869010736,0.470304461433783,0.0444306328940669,0.0458164266207117,2,-0.488973186318048,"Native"
"17","GALAPA",0.737135406029002,-1.0715264835074,1.3224589781156,-1.35827648962235,-0.565345115355292,1.3376925608806,-0.136613145898183,-0.0539069822199912,-0.190264471624009,-0.910327419167208,-0.0733716566584276,1.04163333279998,-1.89472286028616,0.47180349062702,26.0116354234001,18.1381709741551,-0.0391294901142292,0.62040399,-0.806172910162663,-3.51415682184475,12.6964889,0.842464886072897,-0.461375661438228,0.84598626,2.66112485173871,0,4,0,0,"annual","Rubiaceae","Forb",0,0.0135625,0.118759055897733,-0.232481373593262,0.147853831881924,0.300333458375419,2,1.64863779623556,"Native"
"18","GALMUR",0.416460479194843,-1.33065420943532,1.11581713621903,-1.29331862868052,-0.742618856059672,1.23626779758752,-0.138548310118557,0.229272814961262,-0.351713405641763,-0.775746730828284,-0.0794656557391891,1,-1.92751046620995,0.457488702388638,27.0916720464816,16.886691290361,0.0903613728158217,0.68687586,-0.583909261754773,-3.23408747410925,18.059156,0.987853152573435,-0.244986442283546,0.83411066,2.63518808776017,0,4,0,0,"annual","Rubiaceae","Forb",0,0.0125,0.10686445708545,-0.0697245566789078,0.134901220758838,0.293095119056109,2,1.57176241432821,"Non-Native"
"19","GILCAP",0.417502249309917,-0.116158428646331,-0.874217526715353,-1.43590104325534,1.56627869387382,-0.664296988612891,0.404374247854345,0.162763931520985,-0.146417321783369,0.243177713895081,-0.00262764663650646,1.84390889145858,0.263248488810514,0.483361618798956,25.4895561357702,18.9631241997439,0.748489688306634,1.3028482,0.707822913253542,-2.99409267546784,13.222789,1.58766840690048,-0.894615740898308,0.78267735,2.6957116699962,0,2,1,0,"annual","Polemoniaceae","Forb",0.239187267398149,0.0425,0.141795351759443,1.78074073040443,0.180612396987759,0.180730221973346,0,0.879845493646936,"Native"
"20","GILTRI",1.14398060949594,-1.42260320817153,0.493791822587048,-1.40229258828524,0.725796102396873,-0.671997349233231,0.133907526843644,1.51586333472601,0.392291642695072,0.634481648430564,0.0682072156705317,0.547722557505166,-0.957568559437174,0.448650154798762,28.4613003095975,15.7635157184815,0.301284858625074,0.86413413,-0.167471668202674,-3.39952861921195,18.732731,1.16161228313025,-0.503125100711392,0.78919758,2.66097160197137,0,2,1,0,"annual","Polemoniaceae","Forb",0,0.00375,0.0526735341004021,1.78484226799345,0.065875671415021,0.0988437024260098,0,1.32908395133292,"Native"
"21","HOLVIR",0.468407051264482,1.19215444604276,-2.71351880681306,0.43000879675853,0.708365988994893,0.248865088631523,-0.20835981146076,-0.958405484835245,-0.335156813241196,-0.3912507748632,-0.0923735567081996,2.96647939483827,0.64257730864977,0.556614654002714,42.072591587517,13.2298637426429,1.2504712588193,1.6041876,1.32735323861044,-2.67588103869234,8.0783162,2.07178169229508,-1.30020301723095,0.72514003,2.59688938916408,0,2,0,0,"annual","Asteraceae","Forb",0.0380669930815803,0.11,0.177484306864805,-0.436417162375974,0.261859759738852,0.240526234814038,0,0.744428453684639,"Native"
"22","LACSER",0.410323194940458,-1.27399715859092,-0.450367407408921,-0.784132235157904,-2.01107735971267,-0.812552053858543,0.370712171846331,-1.77722213079481,0.661711188767877,-0.394020152151439,0.16373204683132,0.806225774829855,-0.498403103767433,0.57010355540214,43.8280980324474,13.0077183586674,1.27243634374138,1.11894288,0.970596438388775,-2.0342974775446,20.6608395,1.98844255655639,-2.33509289225609,0.695229945,2.66143964150888,0,3,0,0,"annual","Asteraceae","Forb",0.5026039656554,0.008125,0.047709585506875,0.215874396556447,0.0852133670999535,0.115648111081452,2,1.01784611816761,"Non-Native"
"23","LAGMIN",1.11086306330444,-1.05906078859052,-0.993463551373518,0.575384879763822,-0.647969354298831,-0.469643415184694,-0.143460223092024,0.00327395021360133,-0.00182049503641532,0.770274296606128,0.0823348922255832,1.09544511501033,-1.09654775461923,0.512894736842105,49.0853658536585,10.4490356325597,0.881759036872278,0.90844863,0.40109269636601,-2.21095917177849,11.8666457,1.64530473835931,-1.55553064395559,0.70923461,2.57148452930381,0,7,0,0,"annual","Asteraceae","Forb",0.373175669020514,0.015,0.0788086861883931,-0.17003949713591,0.128497726078453,0.211913170434511,0,1.2442120419933,"Native"
"24","LINDIC",1.73744071427288,-0.895436022848996,-0.174953746679567,0.248249504189719,0.399119267863159,0.385004438553253,-0.0883390483533139,-0.561722775129309,0.344815351404419,0.49193842712681,-0.033626387145674,1.18321595661992,-1.45703876564565,0.535685295035904,31.0615048392132,17.2459543672731,0.27470533765457,0.70017023,-0.445986101058937,-2.97528883008141,11.835427,1.09642630113739,-1.58441937247602,0.7694816,2.5918348728539,0,2,0,0,"annual","Polemoniaceae","Forb",0,0.0175,0.1153101449846,-0.408098173387182,0.158094660995448,0.274101222343421,0,1.54241240219633,"Native"
"25","LOLMUL",-3.4307909724981,-0.332186759887447,1.16787679842235,-0.354601522163765,0.352610745904271,0.170935204936328,-1.22748888838025,-0.634286578014187,-0.412522077145789,-0.688925028803243,-0.153478297044732,1.54919333848297,0.809284418188988,0.416038961038961,17.1969696969697,24.1925739458779,1.69860791086434,1.41024605882353,1.7393187985898,-1.97339010387793,30.3076164705882,2.43274875573566,1.06366243924159,0.769973841176471,2.68946621591085,0,3,0,1,"annual","Poaceae","Grass",0.473045638929422,0.03,0.0740819842261893,-0.763451001845815,0.145852265727916,0.115565113138075,2,0.693429957145867,"Non-Native"
"26","LOMMAR",-1.88212702531633,1.38870855339106,-1.04701992641249,-1.63170610435379,-0.933605368824351,0.0275979226266732,-0.392285530340211,0.331186414692692,0.0844464377810427,-1.02985924375344,0.594565590288136,2.14476105895272,1.81533763992046,0.446851680542707,35.5164970706136,12.5815245702379,2.22780449775705,5.4241036,3.69118087880336,-3.1961209221591,27.825987,3.1013612581708,0.0929242357021013,0.79837748,2.71316244932824,0,5,0,0,"perennial","Apiaceae","Forb",0,0.0575,0.0787176865925436,0.197062250403681,0.102960332018686,0.0967471905681023,2,-0.589819620632561,"Native"
"27","LOTHUM",0.317911381135517,1.80110617381162,0.311661338511377,0.409419894931515,-0.283680522903173,0.325164093767772,-0.560133260481845,0.690715176477926,-0.247685034024581,0.971623598750927,-0.0587742232102488,1.61245154965971,1.12824390379271,0.412008059100067,31.124916051041,13.2372424209731,0.883592152888319,2.0783535,1.33596055364594,-3.37275459263362,11.572741,1.85925698322508,-1.10593791567203,0.80687543,2.70068455563839,0,7,0,0,"annual","Fabaceae","N-fixer",0.394444748538495,0.0325,0.115896970108678,-1.81119325937621,0.125049503550351,0.10255258918885,0,0.523296429579143,"Native"
"28","MEDPOL",0.711688087952761,0.81392518635589,-0.550244878394526,0.346871470655227,-1.86854679556786,-0.6402684302281,0.242579467539602,-0.764563031882691,0.498621440412316,0.21421813223073,-0.274678418594182,1.26885775404495,1.17658362175655,0.514376801152738,57.6512968299712,8.92220694826294,1.13490657657705,1.8567804,1.48495723254919,-2.65414607075966,23.687946,1.99162269786751,-2.61600712064137,0.7926178,2.65735583125644,1,4,0,0,"annual","Fabaceae","N-fixer",0.37017929740771,0.020125,0.0804314897333404,-1.14603016871309,0.104108855690905,0.078772759089654,1,0.50666546531832,"Non-Native"
"29","MIMDOU",0.159739777657356,-0.155176582954634,1.74546533842728,-1.18342984280087,0.746564838089506,0.252046507760324,1.42211024263069,-1.46761784759371,0.674125488759783,1.22462049104356,-0.982839804022035,0.836660026534076,1.26415497533427,0.460810606060606,15.8143939393939,29.1386826347305,-0.0208641403018092,0.6115411,-0.825711726445732,-2.82115488882226,17.319935,0.81145461203014,-2.44453292468547,0.809534,2.66707885048752,1,2,0,0,"annual","PHRYMACEAE","Forb",0.326008921198968,0.00875,0.0945223731914511,0.0533250697852611,0.119616530499611,0.0497160094025608,1,1.63716633847587,"Native"
"30","MIMGUT",3.84413753835096,-0.764519939201894,0.552108221106758,0.721025548461383,-0.146849362837876,0.689203733698682,-0.297054015397724,-0.526339998517522,-0.352696578928028,-0.279656081095819,0.267394439757291,1.18321595661992,-3.58045017367417,0.552800949474398,45.0356052899288,12.274753407123,-0.598745249452261,0.38110532,-1.89167874863159,-3.71163513164408,10.8619017,0.273020210748127,-2.40521132798441,0.90179714,2.67060022361542,0,2,0,0,"perennial","PHRYMACEAE","Forb",0,0.0175,0.178457540518692,-1.24214399146524,0.214287342375906,0.792508448920388,0,2.16469895937972,"Native"
"31","NASPUL",-2.68217002563146,0.124046423038054,1.12611927389166,0.554993037307079,-1.74984503950931,-0.988840153403579,-0.939778433868614,-0.0541189827443423,-0.150298902007371,-0.424938603749463,-0.329960802192876,0.948683298050514,1.52825677922226,0.406909265790317,31.6575825585123,12.8534535142799,1.84008928936019,1.1211586,1.66270144662389,-1.84705579965726,20.11833,2.55102236400242,-0.30893763314468,0.78258047,2.69248206787938,0,3,0,1,"perennial","Poaceae","Grass",0,0.01125,0.0422674403989448,-1.38930676057088,0.100171167362036,0.0493991547737879,2,0.888320917378536,"Native"
"32","PETPRO",-1.67895887548508,-0.917255222809907,3.17629190106385,1.12881405742192,-0.36056695107689,1.23133973109644,2.13068632690648,1.56708264488604,-1.15901506774625,-0.503707405931374,-0.213047889868282,0.974679434480896,-1.43478775114931,0.257239215686275,12.5372549019608,20.5179856115108,0.186775124920807,0.70903314,-0.672971407205142,-3.12260612094121,8.300277,0.990325309906023,-1.63019970968674,0.67824619,2.43686427593443,0,4,0,1,"annual","Caryophyllaceae","Forb",0.148190908514653,0.011875,0.0992565340831289,-0.727857549673141,0.129414679737085,0.22329397794369,2,1.66329671711116,"Non-Native"
"33","PHLGRA",-0.312241231220681,-0.713428955779959,0.1539292025386,-0.0818980515506518,1.14318461986687,-2.55195019440577,0.369367122581428,0.315382427445963,0.261895941648773,-0.187310249439734,-0.292052193502014,1.09544511501033,0.736458075197072,0.470654652445752,29.5991173225451,15.9009691848907,1.03931136953725,1.7371311,1.29915109361491,-2.49396550253776,18.122561,1.87501073167237,-1.46488190172943,0.77648109,2.70340302762697,0,2,1,1,"annual","Polemoniaceae","Forb",0.532379874862224,0.015,0.0728386743542292,1.82947733441675,0.0929243071700455,0.0847472843300263,0,0.575859638057463,"Native"
"34","PLAERE",0.400327962020239,0.355255423651207,-1.37365622172004,-1.50238893851913,1.45217380080434,-1.5921461734963,1.82350968300827,0.267101592586116,-0.934621564889814,0.169947663147258,0.144012427275378,2.28035085019828,0.590117280240401,0.444843962008141,27.2998643147897,16.294731610338,0.876239232113229,1.3427315,0.88966055541865,-2.71738223940957,9.0336294,1.70504875612542,-2.28641660038899,0.79586213,2.71229071464862,0,2,1,0,"annual","Plantaginaceae","Forb",0.289044889724501,0.065,0.164506759143951,2.80064501142519,0.220019964163333,0.189807923962919,0,0.815388200706768,"Native"
"35","TAECAP",-3.54722389107664,0.0573775740245988,1.20148181016776,0.385879925929799,0.917225788740637,-0.174770313871493,-1.06858530123821,-0.58762262235615,-0.298194438257884,0.557635454159376,0.149743499200115,1.4525839046334,1.24468039230201,0.388742746615087,14.6776273372018,26.4853942455524,2.04376234195817,1.2275138,1.89611460466051,-1.75793922341071,30.287136,2.74889254741537,0.565024676346138,0.73083986,2.67803832976797,1,3,0,1,"annual","Poaceae","Grass",0.39202099709946,0.026375,0.0584519333529327,-1.12736413223507,0.14658280987737,0.0871600199737412,1,0.852777942754855,"Non-Native"
"36","THYCUR",-0.970528703426175,-0.561612534279371,1.74358278847151,-1.46978066517882,1.88481461968478,1.30166682586199,0.416244240928018,-1.73749317451869,0.122360815192518,1.16799276283516,0.355262326856227,1.2747548783982,-0.435331707714458,0.445615006150062,12.2662976629766,36.3284031085485,0.728966549455396,1.58055311111111,0.846675238026694,-2.750019002344,18.8748977777778,1.61291069755159,-0.840116651545037,0.788750688888889,2.69158755556922,1,5,0,0,"annual","Brassicaceae","Forb",0.519322503068459,0.0203125,0.0989893822921152,-0.188849268380765,0.113364517044183,0.177179213040723,1,0.766235459524892,"Native"
"37","TRIALB",0.459600229211559,0.9740816789212,-0.163825598795081,0.19815711924748,-1.61773527250903,-0.276817540446014,0.00583335220579745,-0.253211972241984,-0.615118053949196,0.264991093254138,-0.32556085484401,1.54919333848297,0.65346891830259,0.457014294996751,49.9220272904483,9.15456202004425,0.813421244361218,0.95276329,0.536299199617836,-2.53764768704783,16.015394,1.61050352446787,-2.02064616838938,0.85328673,2.70091917429625,1,1,0,0,"annual","Fabaceae","N-fixer",0,0.03,0.115326323788405,-1.30505304566076,0.177446778663161,0.124928537169103,1,1.07420432485003,"Native"
"38","TRIFUC",-0.54687944532702,1.53677495280953,1.02161979735958,-0.238269775373108,-0.86780050192432,1.00852764884022,-1.04628397986915,0.598627933406064,0.518619639348798,0.589870703303522,-0.38364216055366,1.18321595661992,1.76009678871921,0.416624787775891,26.6519524617997,15.6320550388585,0.944001264009538,2.3663981,1.49293202837231,-3.57998677720462,7.5072708,1.94836601665657,-0.134872199676118,0.78808843,2.68430366048664,1,1,0,0,"annual","Fabaceae","N-fixer",0.275715983933303,0.0175,0.0825147815794124,-2.18819101488774,0.085995380089624,0.054867966255095,1,0.455433988284261,"Native"
"39","TRIWIL",0.503301565083757,0.645380493978538,0.771160080733195,-0.647143643948066,-1.31489117071128,-0.461849160831908,0.333227823055031,1.06286458254749,0.117134782325921,0.293521162574356,-0.162512472431349,0.894427190999916,0.807624759207602,0.412323379461034,40.8630735615441,10.0903662775154,0.694655342711459,1.542147,0.841572013252773,-3.42302817469738,15.940127,1.60961775626123,-1.58899110051253,0.80176218,2.70145292865829,1,1,0,0,"annual","Fabaceae","N-fixer",0.26857965168444,0.01,0.0706573766337778,-0.269145058659796,0.0805261829291887,0.0667769396675224,1,0.768045743008457,"Native"
"40","UROLIN",-3.67241430887775,-1.30606320367985,-3.47148720452252,1.40906638651377,0.503597615335399,2.72912082356243,1.36085803664347,0.485994749987796,0.53366287558034,0.382215533402695,-0.104538253957015,2.66458251889485,0.738395365033081,0.443190266982089,21.7100371747212,20.4140722291407,2.48844060633455,0.6979545,1.29396869509534,-1.58131050629991,13.35088,3.19483919582357,0.568458716594707,0.483914475,2.02543418009614,1,4,0,0,"annual","Asteraceae","Forb",0,0.08875,0.0858472067575622,-0.0200922645920171,0.356591202977376,0.205941401822635,1,1.90087050072823,"Native"
"41","VICVIL",-0.165660687132223,4.70177529578286,-0.411233687808035,0.493077498034391,0.291511467514788,0.452802535837854,0.572592040928423,0.566864508756247,0.157308654927104,0.306600815546836,0.0600746502400655,2.82842712474619,3.78818052335087,0.392607868020305,28.2011421319797,13.9217009787378,1.46750478674537,4.0370574,2.62831069801307,-4.51847753899351,4.058337,2.48493873260667,-2.23940327300943,0.81529379,2.71057703426833,0,2,0,0,"annual","Fabaceae","N-fixer",0.197082093079117,0.1,0.151822236404596,-2.06007996223338,0.157386521844905,0.0475780952173094,0,-0.143371965406399,"Non-Native"
"42","VIODOU",0.0577450832518774,1.12219732744562,-1.62339119346868,-0.234579971931079,0.185521482409114,-0.130272973668637,-1.45715947038991,0.128778209302751,0.345112651939696,0.190548378721472,-0.330890784746655,2,1.56786100340795,0.522243800418285,44.4188825814162,11.7572475953454,1.29514371096515,1.9852929,1.68173423883391,-2.93813699026008,38.127236,2.12794724872851,0.0779446775775171,0.76837513,2.68323152218584,0,7,0,0,"perennial","VIOLACEAE","Forb",0.0789550748509378,0.05,0.117016773377422,-0.661378212524881,0.158698458190709,0.102100603957035,0,0.446213009894603,"Native"
"43","VULMIC",-2.66227486030181,-2.30423535189505,-1.05192992438636,2.92078163273783,-0.538721497434074,0.399893908046743,1.84354342446185,0.381306724879381,1.27035280382136,0.0145048689488193,0.0716428977356836,1.09544511501033,-0.198298511317095,0.443214971209213,26.9705694177863,16.4332819357134,2.26396753035336,1.08324506666667,1.48060328225625,-1.65743034914794,37.7330844444444,2.94112266756539,-1.5744310866138,0.456596411111111,2.10188307317455,1,3,0,1,"annual","Poaceae","Grass",0.320823920504283,0.015,0.0394849258439208,-0.172837636467478,0.117674475057638,0.135240137655597,1,1.46051938530914,"Native"
"44","ZIGFRE",1.2011731015267,-2.10361585295706,1.050364240734,0.39773169844547,1.86810903513692,-0.625874301653708,-0.573717230150642,-0.506028762932426,0.572895310771743,-0.694204083511346,-0.218542352954041,0.836660026534076,-2.17526757357652,0.547669724770642,25.0825688073394,21.8346744696416,0.0233909072028181,0.58495235,-0.807933468453649,-3.08309145239952,10.4153802,0.899039949051535,-0.779515702407045,0.84320458,2.63705229916089,0,2,0,1,"perennial","MELANTHIACEAE","Forb",0,0.00875,0.0924537977614091,0.641015874618469,0.122304878768114,0.277560319314296,0,1.70697341750518,"Native"
"45","SIDDIP",-0.441609589161939,0.449435023902206,0.732447727030534,-2.23931027642898,-0.616356762656714,-0.0487208000434722,0.875257374593577,0.989640270190289,1.2644789239201,-0.874523813616796,-0.0154541938205598,1,1.59678824163875,0.436444174757282,27.4302184466019,15.9110717840947,1.03931147564669,2.2068658,1.51081974928095,-4.25746296858371,20.92946,1.98525228340817,-0.862064654801078,0.78260476,2.66875617017102,0,1,1,0,"annual","Malvaceae","Forb",0,0.0125,0.0664923048099098,1.22334880257496,0.075260490473227,0.0503172439702572,2,0.474432534127225,"Native"
"46","ANCFIL",1.10252739680342,-0.482714480451974,-1.15088115664466,0.437945688941949,-0.54899810011588,-0.371298523222196,-0.431690965690929,0.323831944131323,-0.511256724909207,0.436885630469567,0.067029539631933,1.48323969741913,-1.00996059107355,0.496955562559092,57.2486605735897,8.68064960088081,0.809484104433864,1.08570697,0.451353230504206,-2.39801543820655,11.898513,1.59533813612726,-1.19441750198131,0.69586934,2.61661479666721,0,7,0,0,"annual","Asteraceae","Forb",0.323246244413756,0.0275,0.110634125421336,-0.27078927131444,0.159151242659358,0.274774548382693,0,1.14398490562305,"Native"
"47","ATHPUS",-0.10135981390063,-0.685382933780278,0.306621151966988,-0.543371479636317,-0.518108416525814,-0.20270890237606,0.2966597552244,-0.615155693935302,-0.607333895334731,0.660120781525353,0.580824830898103,1.18321595661992,-1.04344251753464,0.450639147802929,25.3328894806924,17.7886990801577,1.10795594488236,2.2157284952381,1.53936781809375,-2.18479696093263,35.7810395238095,1.99697931458637,-1.59037238679597,0.762167861904762,2.68820452926839,1,1,0,0,"annual","Brassicaceae","Forb",0,0.0175,0.0760202770138512,-0.0577932093401852,0.0888711403530047,0.222894672381716,1,0.457611496492623,"Native"
"48","BROMAD",-2.74430260595095,-0.908102466055829,0.198184517363778,0.59090228529344,-0.374229575859297,-1.18626121745907,-1.22336303226417,0.387077282078668,-0.131326451702226,-0.00998001581674043,0.445848678601532,1.04880884817015,0.303693207390762,0.421435478492831,27.8576192064021,15.1281943862589,2.28623558521223,0.93060596,1.84970411094688,-1.64604392218773,24.772517,2.98790491958982,0.50823809900931,0.73446217,2.63885035309468,1,3,0,1,"annual","Poaceae","Grass",0.39983320063832,0.01375,0.0373853628040954,-0.265055997775891,0.12155377033845,0.100740756311862,1,1.13820080864294,"Non-Native"
"49","CASATT",2.35780435593217,-1.07847012738056,-0.586760274198781,0.416892259696693,0.114830023130585,0.637484282883255,-0.710888327864696,-0.27838787543117,1.03730983811588,-0.123343006395956,0.00721232517040439,1.07238052947636,-1.78943217946896,0.58631037212985,42.9493269992082,13.6512120932805,0.274705185695364,0.9350374,-0.259582936947331,-3.50283765921747,13.748108,1.16507374103779,-1.10171466606813,0.72807743,2.55443504043068,0,6,0,0,"annual","Orobanchaceae","Forb",0,0.014375,0.104508701928927,-0.608966553377487,0.123990792408703,0.293341958563987,0,1.42465667798512,"Native"
"50","CENTRI",3.98092773975306,-0.671970069694476,0.998895186703388,0.639291077266669,-0.389357443570074,0.563267856445208,-0.395904702183876,-0.22174592273574,-0.082556753563053,-0.133745236936399,0.150794361369333,0.866025403784439,-3.28038446826898,0.542019230769231,47.1212121212121,11.5026589166461,-0.700527971709654,0.37224239,-1.98011168434227,-3.92650499775749,10.4924025,0.177541567492465,-2.3901271926102,0.93903345,2.68921462495078,0,2,0,0,"annual","Asteraceae","Forb",0,0.009375,0.137436901180503,-1.36424368030233,0.158698464319217,0.499243104036119,0,2.15765325183473,"Native"
"51","EPIBRA",0.662694177372423,-0.90144934494603,-0.765632309439493,-1.02191843029474,-0.731535033413784,-0.758012279436499,-0.213838692700594,-0.280188792625853,0.563918422526418,-0.216098077350454,-0.187601033635298,1.04880884817015,-0.0474323364348889,0.540336963921035,44.9557522123894,12.0193064809207,0.903538405495452,1.3028486,0.841825945300508,-2.63258699117071,11.1111555,1.72735155289464,-1.05371988232544,0.76246537,2.66374130438694,1,3,1,0,"annual","Onagraceae","Forb",0.31319299953581,0.01375,0.0746363645428652,0.802227144773952,0.10273167608683,0.120074600416751,1,0.88552560759413,"Native"
"52","ERILAN",-0.303104398764648,-1.92022337443512,-2.90859380275802,-0.374044518459218,0.597402442450883,1.05343001084136,0.176255682138663,-0.104303378793362,-0.563081611150893,-1.13157800311493,-0.133103537997565,2.48997991959775,-1.74524172632302,0.547499181669394,38.7234042553191,14.1387151310228,0.977902837732403,0.71346458,0.176962514410011,-2.08500147076109,12.0670282,1.73167460692358,0.244682176775589,0.6965307,2.40102480908706,1,4,0,0,"perennial","Asteraceae","Forb",0,0.0775,0.170726897440915,1.40140465800767,0.329582878577576,0.666231675280394,1,1.55471209251357,"Native"
"53","EUPCRE",1.39653352375821,0.731297724899465,-0.169440927395241,-0.565567889158899,0.874912605146449,0.239980448774069,-0.394062288528604,0.313271957239406,0.325838586406561,-0.127465579975343,0.385208568412133,1.70293863659264,-0.331842968237551,0.49744847605225,31.0304789550073,16.0309635173059,0.640096448045438,1.4978324,0.741595476775378,-4.02892873737209,14.3416118,1.545108734716,-0.967567768499127,0.79193708,2.70760613636994,0,2,0,0,"annual","Euphorbiaceae","Forb",0,0.03625,0.138247990649873,-0.122917431595491,0.155568761804556,0.224756774271266,0,0.803513257940622,"Native"
"54","FILCAL",2.48676870255595,-2.05635964707628,0.366119820089114,0.755309604842975,-0.726701822107371,0.624992763334685,-1.15388824311448,0.517558434626944,-0.726862749082321,0.572307941122582,-0.186303595971899,0.645497224367903,-3.53247541438901,0.503667189952904,51.309262166405,9.81630155427732,-0.395146295647733,0.34122222,-1.8558694741918,-2.56368267950789,20.89815,0.40253863014567,-0.689385624092392,0.84412825,2.59690995660948,0,7,0,0,"annual","Asteraceae","Forb",0.262562689130937,0.00520833333333334,0.0879334906617724,-1.09973833391323,0.123546581632367,0.42210128629865,0,2.25840810433747,"Native"
"55","LEPNIT",0.407983426296411,-0.685843984130465,-1.41826263744168,-1.69521300086746,1.03442596956934,-1.36363808862058,0.41428588719269,1.31327997007362,-0.6506691526107,0.0553922752000535,-0.165120752108297,1.73205080756888,0.0378977230030083,0.457175897748022,37.522824102252,12.1839416058394,0.701270645689837,1.2053563,0.604020076087439,-2.69448742591283,20.332375,1.55311068482785,-0.457125248722933,0.8004082,2.68505937148159,0,7,1,0,"annual","Brassicaceae","Forb",0.350042958064205,0.0375,0.136375591729831,2.7795448548704,0.176383482406542,0.190014283277126,0,0.949090608740415,"Native"
"56","MICCAL",-1.16594577334528,0.0330553934205479,-0.481715623800553,-0.986231788057082,1.06591254415872,1.38031250992602,-0.399180939648331,-0.08914344652847,-0.913278946409079,-0.0838823176626863,0.0419546367790277,2.30217288664427,-0.294136188858246,0.438681898066784,19.8031634446397,22.1521121760738,0.94227562131013,1.6839538,1.06217289871369,-2.68322533244877,37.932685,1.81370629934543,0.526197638613817,0.71686143,2.62183561796761,1,3,0,0,"annual","Asteraceae","Forb",0.395519319035392,0.06625,0.160686869502544,-0.088882730420088,0.198348013451721,0.298169902410565,1,0.751533400631734,"Native"
"57","NAVJEP",0.013086649180048,-0.278411516025546,-0.569982147114555,-0.893921949356462,-0.312770430541255,0.116954074878213,-0.576156768936428,0.180743249124778,-0.656161961654282,-0.223241040963998,-0.121107645302336,1.67332005306815,-0.400141802076819,0.473741183685986,35.7743023612389,13.2424995714041,0.781482410036716,0.94390033,0.355492625275396,-2.59761028967591,37.832402,1.52071148012297,-0.218878820719297,0.73873037,2.68226415015408,1,1,0,0,"annual","Polemoniaceae","Forb",0,0.035,0.126571892287926,0.130332391159669,0.192562161937164,0.228519734326898,1,1.16521885484757,"Native"
"58","SILGAL",1.91714758627812,0.375783536952973,1.71250997088396,1.737413861411,0.842537562372428,-0.317856262682636,0.715978623561061,-0.0410360972272128,0.065409905876746,-0.804791279949695,-0.0396335189818426,1.34164078649987,-1.33005056294423,0.46760621761658,28.594127806563,16.3532254167673,-0.100906847975346,0.66471857,-0.753495368087859,-4.06060613461544,9.9715766,0.87254233461121,-2.97187702609011,0.88186914,2.64062290977872,0,2,0,1,"annual","Caryophyllaceae","Forb",0.0721735210062135,0.0225,0.157762181398824,-1.07219527094696,0.183980736565768,0.291680952231171,0,1.62603770269907,"Native"
"59","TRIHIR",0.364252468167866,2.59366959652274,0.39903322037969,0.292224727721272,-0.756781802196235,1.08833800293778,-0.0152616616272613,0.100667746719686,-0.702261157744436,-0.244691923611027,-0.0542869691759335,2.25831795812724,0.978081732030362,0.415070197830249,32.2271857051691,12.879504950495,0.699070453292169,1.5421471,0.82982218934142,-3.80788818980569,32.910379,1.59038207781884,-1.69176584299159,0.79122663,2.70994107198443,1,1,0,0,"annual","Fabaceae","N-fixer",0.120161096527515,0.06375,0.178007735081907,-2.30488152136461,0.203318638948133,0.154829012910247,1,0.760559888477419,"Non-Native"
"60","VELRIG",1.19260975456414,-0.397400082113121,0.636773027053104,0.753326973305389,-0.6445965027546,-0.212371144960467,0.59424667164847,0.326966089630145,-1.30326405437402,1.37902045908346,0.397589194419998,1.09544511501033,-1.79488769034705,0.402631012203877,31.0875807609476,12.9515067544164,0.433175601336751,0.54063778,-0.449366040822713,-2.32908598888855,8.0841766,1.20037948608378,-2.4370855149759,0.8576151,2.65253641508029,0,2,0,0,"annual","Caryophyllaceae","Forb",0,0.015,0.0986240295552648,-0.82458707975815,0.166568330924939,0.300469600325526,0,1.6497455269065,"Non-Native"
