"species_code","seed_mass","species","nseedssp","nfam","spdrymf","sd_spdrymf"
"Gilcap",0.00307333333333333,"Gilia Capitata",80,3,0.00335925561029009,0.000767401317575594
"Gilcap",0.00277586206896552,"Gilia Capitata",80,3,0.00335925561029009,0.000767401317575594
"Gilcap",0.00422857142857143,"Gilia Capitata",80,3,0.00335925561029009,0.000767401317575594
"Elyely",0.0022,"Elymus Elymoides",1,1,0.0022,NA
"Lindic",2e-04,"Linanthus Dichotomus",125,3,0.000209564393939394,3.35664359376517e-05
"Lindic",0.000246875,"Linanthus Dichotomus",125,3,0.000209564393939394,3.35664359376517e-05
"Lindic",0.000181818181818182,"Linanthus Dichotomus",125,3,0.000209564393939394,3.35664359376517e-05
"Lolmul",0.0015,"Lolium multifloram",165,3,0.00191049019607843,0.000428514002441403
"Lolmul",0.002355,"Lolium multifloram",165,3,0.00191049019607843,0.000428514002441403
"Lolmul",0.00187647058823529,"Lolium multifloram",165,3,0.00191049019607843,0.000428514002441403
"Vicvil",0.0299333333333333,"Vicia Villosa",8,3,0.0311722222222222,0.00197514650183314
"Vicvil",0.0301333333333333,"Vicia Villosa",8,3,0.0311722222222222,0.00197514650183314
"Vicvil",0.03345,"Vicia Villosa",8,3,0.0311722222222222,0.00197514650183314
"Micdou",0.00415,"Microseris douglasii",88,8,0.00313018735650315,0.000747091106520959
"Micdou",0.00378333333333333,"Microseris douglasii",88,8,0.00313018735650315,0.000747091106520959
"Micdou",0.00375,"Microseris douglasii",88,8,0.00313018735650315,0.000747091106520959
"Holvir",0.00234285714285714,"Holocarpa virgata",88,3,0.00225684523809524,0.000220548968177014
"Holvir",0.00242142857142857,"Holocarpa virgata",88,3,0.00225684523809524,0.000220548968177014
"Holvir",0.00200625,"Holocarpa virgata",88,3,0.00225684523809524,0.000220548968177014
"Colspa",0.00167307692307692,"Colinsia sparsiflora",149,3,0.00149899585613871,0.000272351906314115
"Colspa",0.00163877551020408,"Colinsia sparsiflora",149,3,0.00149899585613871,0.000272351906314115
"Colspa",0.00118513513513514,"Colinsia sparsiflora",149,3,0.00149899585613871,0.000272351906314115
"Plaere",0.0017,"Plantago erecta",133,10,0.001663996003996,0.000278906650459441
"Plaere",0.00185,"Plantago erecta",133,10,0.001663996003996,0.000278906650459441
"Plaere",0.00158,"Plantago erecta",133,10,0.001663996003996,0.000278906650459441
"Lupmic",0.01565,"Lupinus microcarpus",19,9,0.0168071428571429,0.00450622019082105
"Lupmic",NA,"Lupinus microcarpus",19,9,0.0168071428571429,0.00450622019082105
"Lupmic",0.016,"Lupinus microcarpus",19,9,0.0168071428571429,0.00450622019082105
"Lupmic",0.0234571428571429,"Lupinus microcarpus",19,9,0.0168071428571429,0.00450622019082105
"Clagra",0.000501428571428571,"Clarkia gracilis",610,13,0.000704224634840137,0.00108610842849918
"Clagra",0.000410526315789474,"Clarkia gracilis",610,13,0.000704224634840137,0.00108610842849918
"Clagra",0.000471698113207547,"Clarkia gracilis",610,13,0.000704224634840137,0.00108610842849918
"Lupmic",0.02075,"Lupinus microcarpus",19,9,0.0168071428571429,0.00450622019082105
"Lupmic",0.012,"Lupinus microcarpus",19,9,0.0168071428571429,0.00450622019082105
"Lupmic",0.0165,"Lupinus microcarpus",19,9,0.0168071428571429,0.00450622019082105
"Lupmic",0.0201,"Lupinus microcarpus",19,9,0.0168071428571429,0.00450622019082105
"Lupmic",0.01,"Lupinus microcarpus",19,9,0.0168071428571429,0.00450622019082105
"Clagra",0.00430434782608696,"Clarkia gracilis",610,13,0.000704224634840137,0.00108610842849918
"Clagra",0.000277777777777778,"Clarkia gracilis",610,13,0.000704224634840137,0.00108610842849918
"Clagra",0.000235294117647059,"Clarkia gracilis",610,13,0.000704224634840137,0.00108610842849918
"Clagra",0.000357894736842105,"Clarkia gracilis",610,13,0.000704224634840137,0.00108610842849918
"Clagra",0.000331034482758621,"Clarkia gracilis",610,13,0.000704224634840137,0.00108610842849918
"Plaere",0.00192307692307692,"Plantago erecta",133,10,0.001663996003996,0.000278906650459441
"Plaere",0.00122,"Plantago erecta",133,10,0.001663996003996,0.000278906650459441
"Plaere",0.00169285714285714,"Plantago erecta",133,10,0.001663996003996,0.000278906650459441
"Avefat",0.01135,"Avena fatua",218,28,0.0215017955871562,0.00485935235373079
"Avefat",0.00857142857142857,"Avena fatua",218,28,0.0215017955871562,0.00485935235373079
"Avefat",0.0145,"Avena fatua",218,28,0.0215017955871562,0.00485935235373079
"Trigra",0.00164561403508772,"Trifolium gracilentum",115,3,0.00137334884403362,0.000250765489872546
"Trigra",0.00132258064516129,"Trifolium gracilentum",115,3,0.00137334884403362,0.000250765489872546
"Trigra",0.00115185185185185,"Trifolium gracilentum",115,3,0.00137334884403362,0.000250765489872546
"Calpau",0.00102142857142857,"Calycadenia Pauciflora",44,3,0.00127698412698413,0.000260867353775941
"Giltri",0.00054,"Gilia tricolor",43,3,0.00038427807486631,0.00015196867429243
"Giltri",0.000376470588235294,"Gilia tricolor",43,3,0.00038427807486631,0.00015196867429243
"Giltri",0.000236363636363636,"Gilia tricolor",43,3,0.00038427807486631,0.00015196867429243
"Hemcon",0.00115806451612903,"Hemizonia congesta",289,6,0.000835233948170901,0.000264585110728079
"Hemcon",9e-04,"Hemizonia congesta",289,6,0.000835233948170901,0.000264585110728079
"Hemcon",0.000750877192982456,"Hemizonia congesta",289,6,0.000835233948170901,0.000264585110728079
"Lascal",0.000141818181818182,"Lasthenia californica",142,3,0.00014759793052476,1.16210228677779e-05
"Lascal",0.000160975609756098,"Lasthenia californica",142,3,0.00014759793052476,1.16210228677779e-05
"Lascal",0.00014,"Lasthenia californica",142,3,0.00014759793052476,1.16210228677779e-05
"Calpau",0.00154285714285714,"Calycadenia Pauciflora",44,3,0.00127698412698413,0.000260867353775941
"Calpau",0.00126666666666667,"Calycadenia Pauciflora",44,3,0.00127698412698413,0.000260867353775941
"Urolin",0.00175,"Uropappus Lindeye",103,3,0.00182412854030501,0.000125855856544913
"Urolin",0.00196944444444444,"Uropappus Lindeye",103,3,0.00182412854030501,0.000125855856544913
"Urolin",0.00175294117647059,"Uropappus Lindeye",103,3,0.00182412854030501,0.000125855856544913
"Goat grass",0.0128,"Goat grass",12,3,0.0152638888888889,0.00527957498640156
"Goat grass",0.021325,"Goat grass",12,3,0.0152638888888889,0.00527957498640156
"Goat grass",0.0116666666666667,"Goat grass",12,3,0.0152638888888889,0.00527957498640156
"Trialb",0.00186666666666667,"Trifolium albopurpureum",24,3,0.00217037037037037,0.000265118965454419
"Trialb",0.00235555555555556,"Trifolium albopurpureum",24,3,0.00217037037037037,0.000265118965454419
"Trialb",0.00228888888888889,"Trifolium albopurpureum",24,3,0.00217037037037037,0.000265118965454419
"Clapur",0.000363157894736842,"Clarkia purpurea",458,8,0.000388076209601703,4.44931021327068e-05
"Clapur",0.000405555555555556,"Clarkia purpurea",458,8,0.000388076209601703,4.44931021327068e-05
"Clapur",0.000446428571428571,"Clarkia purpurea",458,8,0.000388076209601703,4.44931021327068e-05
"Taecap",0.00535555555555556,"Taeniatherum caput-medusae ",121,9,0.00686728006017222,0.00428617740636521
"Taecap",0.0179875,"Taeniatherum caput-medusae ",121,9,0.00686728006017222,0.00428617740636521
"Taecap",0.00574285714285714,"Taeniatherum caput-medusae ",121,9,0.00686728006017222,0.00428617740636521
"Taecap",0.00681428571428571,"Taeniatherum caput-medusae ",121,9,0.00686728006017222,0.00428617740636521
"Taecap",0.00553333333333333,"Taeniatherum caput-medusae ",121,9,0.00686728006017222,0.00428617740636521
"Taecap",0.00661666666666667,"Taeniatherum caput-medusae ",121,9,0.00686728006017222,0.00428617740636521
"Taecap",0.00335294117647059,"Taeniatherum caput-medusae ",121,9,0.00686728006017222,0.00428617740636521
"Taecap",0.00511666666666667,"Taeniatherum caput-medusae ",121,9,0.00686728006017222,0.00428617740636521
"Taecap",0.00528571428571429,"Taeniatherum caput-medusae ",121,9,0.00686728006017222,0.00428617740636521
"Avefat",0.0177285714285714,"Avena fatua",218,28,0.0215017955871562,0.00485935235373079
"Avefat",0.0247137931034483,"Avena fatua",218,28,0.0215017955871562,0.00485935235373079
"Avefat",0.02548,"Avena fatua",218,28,0.0215017955871562,0.00485935235373079
"Avefat",0.02038,"Avena fatua",218,28,0.0215017955871562,0.00485935235373079
"Avefat",0.026,"Avena fatua",218,28,0.0215017955871562,0.00485935235373079
"Avefat",0.02235,"Avena fatua",218,28,0.0215017955871562,0.00485935235373079
"Avefat",0.0234025641025641,"Avena fatua",218,28,0.0215017955871562,0.00485935235373079
"Avefat",0.0188941176470588,"Avena fatua",218,28,0.0215017955871562,0.00485935235373079
"Avefat",0.0268333333333333,"Avena fatua",218,28,0.0215017955871562,0.00485935235373079
"Avefat",0.0186875,"Avena fatua",218,28,0.0215017955871562,0.00485935235373079
"Avefat",0.0140444444444444,"Avena fatua",218,28,0.0215017955871562,0.00485935235373079
"Avefat",0.02581,"Avena fatua",218,28,0.0215017955871562,0.00485935235373079
"Avefat",0.0228333333333333,"Avena fatua",218,28,0.0215017955871562,0.00485935235373079
"Avefat",0.02565,"Avena fatua",218,28,0.0215017955871562,0.00485935235373079
"Avefat",0.02435,"Avena fatua",218,28,0.0215017955871562,0.00485935235373079
"Avefat",0.0207,"Avena fatua",218,28,0.0215017955871562,0.00485935235373079
"Avefat",0.0264,"Avena fatua",218,28,0.0215017955871562,0.00485935235373079
"Avefat",0.022,"Avena fatua",218,28,0.0215017955871562,0.00485935235373079
"Avefat",0.0248428571428571,"Avena fatua",218,28,0.0215017955871562,0.00485935235373079
"Avefat",0.020175,"Avena fatua",218,28,0.0215017955871562,0.00485935235373079
"Avefat",0.0216666666666667,"Avena fatua",218,28,0.0215017955871562,0.00485935235373079
"Avefat",0.029,"Avena fatua",218,28,0.0215017955871562,0.00485935235373079
"Avefat",0.0247866666666667,"Avena fatua",218,28,0.0215017955871562,0.00485935235373079
"Avefat",0.021,"Avena fatua",218,28,0.0215017955871562,0.00485935235373079
"Avefat",0.0199,"Avena fatua",218,28,0.0215017955871562,0.00485935235373079
"Brohor",0.00159411764705882,"Bromus hordeaceus",351,10,0.00184802637589449,0.000258962367812488
"Brohor",0.00181960784313725,"Bromus hordeaceus",351,10,0.00184802637589449,0.000258962367812488
"Brohor",0.001568,"Bromus hordeaceus",351,10,0.00184802637589449,0.000258962367812488
"Brohor",0.00169666666666667,"Bromus hordeaceus",351,10,0.00184802637589449,0.000258962367812488
"Brohor",0.00204714285714286,"Bromus hordeaceus",351,10,0.00184802637589449,0.000258962367812488
"Hemcon",0.001048,"Hemizonia congesta",289,6,0.000835233948170901,0.000264585110728079
"Hemcon",0.000744705882352941,"Hemizonia congesta",289,6,0.000835233948170901,0.000264585110728079
"Hemcon",0.000409756097560976,"Hemizonia congesta",289,6,0.000835233948170901,0.000264585110728079
"Allfal",0.00318484848484848,"Allium falcifolium",147,6,0.00399585839527349,0.000574160772083996
"Allfal",0.0042,"Allium falcifolium",147,6,0.00399585839527349,0.000574160772083996
"Allfal",0.004912,"Allium falcifolium",147,6,0.00399585839527349,0.000574160772083996
"Allfal",0.00402830188679245,"Allium falcifolium",147,6,0.00399585839527349,0.000574160772083996
"Allfal",0.00398333333333333,"Allium falcifolium",147,6,0.00399585839527349,0.000574160772083996
"Allfal",0.00366666666666667,"Allium falcifolium",147,6,0.00399585839527349,0.000574160772083996
"Anaarv",0.000433707865168539,"Anagallis arvensis",514,5,0.000427910268985823,3.85816499551393e-05
"Anaarv",0.000388135593220339,"Anagallis arvensis",514,5,0.000427910268985823,3.85816499551393e-05
"Anaarv",0.000443010752688172,"Anagallis arvensis",514,5,0.000427910268985823,3.85816499551393e-05
"Anaarv",0.000393006993006993,"Anagallis arvensis",514,5,0.000427910268985823,3.85816499551393e-05
"Anaarv",0.00048169014084507,"Anagallis arvensis",514,5,0.000427910268985823,3.85816499551393e-05
"Broele",0.00327407407407407,"Brodiaea elegans",195,5,0.00229524196965845,0.000589630740239069
"Broele",0.00215797101449275,"Brodiaea elegans",195,5,0.00229524196965845,0.000589630740239069
"Broele",0.00182105263157895,"Brodiaea elegans",195,5,0.00229524196965845,0.000589630740239069
"Broele",0.00235789473684211,"Brodiaea elegans",195,5,0.00229524196965845,0.000589630740239069
"Broele",0.00186521739130435,"Brodiaea elegans",195,5,0.00229524196965845,0.000589630740239069
"Fripur",0.0045,"Fritillaria purdyi",149,5,0.00457399103942652,0.000542083363664036
"Fripur",0.0039025,"Fritillaria purdyi",149,5,0.00457399103942652,0.000542083363664036
"Fripur",0.00540967741935484,"Fritillaria purdyi",149,5,0.00457399103942652,0.000542083363664036
"Fripur",0.00443777777777778,"Fritillaria purdyi",149,5,0.00457399103942652,0.000542083363664036
"Fripur",0.00462,"Fritillaria purdyi",149,5,0.00457399103942652,0.000542083363664036
"Galapa",0.00297142857142857,"Galium aparine",1005,10,0.00170105876031046,0.0016574304854089
"Galapa",0.0034,"Galium aparine",1005,10,0.00170105876031046,0.0016574304854089
"Galapa",0.00325,"Galium aparine",1005,10,0.00170105876031046,0.0016574304854089
"Galapa",0.00389333333333333,"Galium aparine",1005,10,0.00170105876031046,0.0016574304854089
"Galapa",0.00272592592592593,"Galium aparine",1005,10,0.00170105876031046,0.0016574304854089
"Galapa",0.000140314136125654,"Galium aparine",1005,10,0.00170105876031046,0.0016574304854089
"Galapa",0.000148672566371681,"Galium aparine",1005,10,0.00170105876031046,0.0016574304854089
"Galapa",0.000167441860465116,"Galium aparine",1005,10,0.00170105876031046,0.0016574304854089
"Galapa",0.000148780487804878,"Galium aparine",1005,10,0.00170105876031046,0.0016574304854089
"Galapa",0.000164690721649485,"Galium aparine",1005,10,0.00170105876031046,0.0016574304854089
"Galmur",0.000206666666666667,"Galium murale",117,5,0.000143233766233766,4.41458842005243e-05
"Galmur",1e-04,"Galium murale",117,5,0.000143233766233766,4.41458842005243e-05
"Galmur",0.000160714285714286,"Galium murale",117,5,0.000143233766233766,4.41458842005243e-05
"Galmur",0.000103333333333333,"Galium murale",117,5,0.000143233766233766,4.41458842005243e-05
"Galmur",0.000145454545454545,"Galium murale",117,5,0.000143233766233766,4.41458842005243e-05
"Hypgla",0.00115333333333333,"Hypochaeris glabra",138,5,0.000840893023255814,0.000227952889326761
"Hypgla",0.000616,"Hypochaeris glabra",138,5,0.000840893023255814,0.000227952889326761
"Hypgla",0.00096046511627907,"Hypochaeris glabra",138,5,0.000840893023255814,0.000227952889326761
"Hypgla",0.000628,"Hypochaeris glabra",138,5,0.000840893023255814,0.000227952889326761
"Hypgla",0.000846666666666667,"Hypochaeris glabra",138,5,0.000840893023255814,0.000227952889326761
"Lagmin",0.000366666666666667,"Lagophylla minor",63,5,0.000248234856930509,7.36396649445979e-05
"Lagmin",0.000222222222222222,"Lagophylla minor",63,5,0.000248234856930509,7.36396649445979e-05
"Lagmin",0.000266666666666667,"Lagophylla minor",63,5,0.000248234856930509,7.36396649445979e-05
"Lagmin",0.000208695652173913,"Lagophylla minor",63,5,0.000248234856930509,7.36396649445979e-05
"Lagmin",0.000176923076923077,"Lagophylla minor",63,5,0.000248234856930509,7.36396649445979e-05
"Lacser",0.000572727272727273,"Lactuca serriola",89,5,0.000537757575757576,0.000102132207055806
"Lacser",0.000495833333333333,"Lactuca serriola",89,5,0.000537757575757576,0.000102132207055806
"Lacser",0.0003875,"Lactuca serriola",89,5,0.000537757575757576,0.000102132207055806
"Lacser",0.00066,"Lactuca serriola",89,5,0.000537757575757576,0.000102132207055806
"Lacser",0.000572727272727273,"Lactuca serriola",89,5,0.000537757575757576,0.000102132207055806
"Lommar",0.0088,"Lomatium marginatum",53,5,0.00687890909090909,0.00116412532340596
"Lommar",0.00646,"Lomatium marginatum",53,5,0.00687890909090909,0.00116412532340596
"Lommar",0.00695454545454545,"Lomatium marginatum",53,5,0.00687890909090909,0.00116412532340596
"Lommar",0.0057,"Lomatium marginatum",53,5,0.00687890909090909,0.00116412532340596
"Lommar",0.00648,"Lomatium marginatum",53,5,0.00687890909090909,0.00116412532340596
"Lothum",0.00198,"Lotus humistratus",25,5,0.00339695238095238,0.00100693370562731
"Lothum",0.00445,"Lotus humistratus",25,5,0.00339695238095238,0.00100693370562731
"Lothum",0.00397142857142857,"Lotus humistratus",25,5,0.00339695238095238,0.00100693370562731
"Lothum",0.00383333333333333,"Lotus humistratus",25,5,0.00339695238095238,0.00100693370562731
"Lothum",0.00275,"Lotus humistratus",25,5,0.00339695238095238,0.00100693370562731
"Medpol",0.00366,"Medicago polymorpha",70,5,0.00332949269005848,0.00042164892049905
"Medpol",0.00266666666666667,"Medicago polymorpha",70,5,0.00332949269005848,0.00042164892049905
"Medpol",0.00316875,"Medicago polymorpha",70,5,0.00332949269005848,0.00042164892049905
"Medpol",0.00348888888888889,"Medicago polymorpha",70,5,0.00332949269005848,0.00042164892049905
"Medpol",0.00366315789473684,"Medicago polymorpha",70,5,0.00332949269005848,0.00042164892049905
"Linbic",0.00135,"Linanthus bicolor",2,1,0.00135,NA
"RipLep",0.000907692307692308,"Rigiopappus leptocladus",61,2,0.00069551282051282,0.000300067108426599
"RipLep",0.000483333333333333,"Rigiopappus leptocladus",61,2,0.00069551282051282,0.000300067108426599
"SidDip",0.0059,"Sidalcea diploscypha",36,5,0.00530466666666667,0.00104758876579611
"SidDip",0.0064,"Sidalcea diploscypha",36,5,0.00530466666666667,0.00104758876579611
"SidDip",0.00544,"Sidalcea diploscypha",36,5,0.00530466666666667,0.00104758876579611
"SidDip",0.00515,"Sidalcea diploscypha",36,5,0.00530466666666667,0.00104758876579611
"SidDip",0.00363333333333333,"Sidalcea diploscypha",36,5,0.00530466666666667,0.00104758876579611
"Thycur",0.00148,"Thysanocarpus curvipes",79,3,0.00164757904245709,0.000218302071653907
"Thycur",0.00156829268292683,"Thysanocarpus curvipes",79,3,0.00164757904245709,0.000218302071653907
"Thycur",0.00189444444444444,"Thysanocarpus curvipes",79,3,0.00164757904245709,0.000218302071653907
"Trifuc",0.00578888888888889,"Trifolium fucatum",76,5,0.00560434920634921,0.00152546874613663
"Micdou",0.00252105263157895,"Microseris douglasii",88,8,0.00313018735650315,0.000747091106520959
"Micdou",0.00190909090909091,"Microseris douglasii",88,8,0.00313018735650315,0.000747091106520959
"Micdou",0.00308571428571429,"Microseris douglasii",88,8,0.00313018735650315,0.000747091106520959
"Micdou",0.00315,"Microseris douglasii",88,8,0.00313018735650315,0.000747091106520959
"Micdou",0.00269230769230769,"Microseris douglasii",88,8,0.00313018735650315,0.000747091106520959
"Mimdou",0.00298333333333333,"Mimulus douglassi",24,1,0.00298333333333333,NA
"Mimgut",2.613e-05,"Mimulus guttatus",500,5,3.721e-05,2.59911042474151e-05
"Mimgut",8.28e-05,"Mimulus guttatus",500,5,3.721e-05,2.59911042474151e-05
"Mimgut",2.916e-05,"Mimulus guttatus",500,5,3.721e-05,2.59911042474151e-05
"Mimgut",1.742e-05,"Mimulus guttatus",500,5,3.721e-05,2.59911042474151e-05
"Mimgut",3.054e-05,"Mimulus guttatus",500,5,3.721e-05,2.59911042474151e-05
"Trifuc",0.00304285714285714,"Trifolium fucatum",76,5,0.00560434920634921,0.00152546874613663
"Trifuc",0.00594,"Trifolium fucatum",76,5,0.00560434920634921,0.00152546874613663
"Trifuc",0.00713333333333333,"Trifolium fucatum",76,5,0.00560434920634921,0.00152546874613663
"Trifuc",0.00611666666666667,"Trifolium fucatum",76,5,0.00560434920634921,0.00152546874613663
"Sisbel",0.00318571428571429,"Sisyrinchium bellum",115,5,0.00306877022841657,0.000511784417041577
"Sisbel",0.00286341463414634,"Sisyrinchium bellum",115,5,0.00306877022841657,0.000511784417041577
"Sisbel",0.0027125,"Sisyrinchium bellum",115,5,0.00306877022841657,0.000511784417041577
"Sisbel",0.00267222222222222,"Sisyrinchium bellum",115,5,0.00306877022841657,0.000511784417041577
"Sisbel",0.00391,"Sisyrinchium bellum",115,5,0.00306877022841657,0.000511784417041577
"Triwil",0.00263333333333333,"Triwil",91,5,0.00222178354978355,0.000359304180865303
"Triwil",0.00168181818181818,"Triwil",91,5,0.00222178354978355,0.000359304180865303
"Triwil",0.00209090909090909,"Triwil",91,5,0.00222178354978355,0.000359304180865303
"Triwil",0.00230285714285714,"Triwil",91,5,0.00222178354978355,0.000359304180865303
"Triwil",0.0024,"Triwil",91,5,0.00222178354978355,0.000359304180865303
"Plaere",0.00176666666666667,"Plantago erecta",133,10,0.001663996003996,0.000278906650459441
"Plaere",0.00117857142857143,"Plantago erecta",133,10,0.001663996003996,0.000278906650459441
"Plaere",0.00204545454545455,"Plantago erecta",133,10,0.001663996003996,0.000278906650459441
"Plaere",0.00168333333333333,"Plantago erecta",133,10,0.001663996003996,0.000278906650459441
"Vulmyu",0.000492413793103448,"Vulpia myuros",420,5,0.000575359754907798,0.000147814123361154
"Vulmyu",0.000488636363636364,"Vulpia myuros",420,5,0.000575359754907798,0.000147814123361154
"Vulmyu",0.000528089887640449,"Vulpia myuros",420,5,0.000575359754907798,0.000147814123361154
"Vulmyu",0.0008375,"Vulpia myuros",420,5,0.000575359754907798,0.000147814123361154
"Vulmyu",0.00053015873015873,"Vulpia myuros",420,5,0.000575359754907798,0.000147814123361154
"Viodou",0.00635,"Viola douglasii",31,4,0.00500347222222222,0.00120383341537578
"Viodou",0.004,"Viola douglasii",31,4,0.00500347222222222,0.00120383341537578
"Viodou",0.00568888888888889,"Viola douglasii",31,4,0.00500347222222222,0.00120383341537578
"Viodou",0.003975,"Viola douglasii",31,4,0.00500347222222222,0.00120383341537578
"Vulmic",0.000933333333333333,"Vulpia microstachys",99,5,0.000852009022556391,0.000205135072739528
"Vulmic",0.000932,"Vulpia microstachys",99,5,0.000852009022556391,0.000205135072739528
"Vulmic",0.000489473684210526,"Vulpia microstachys",99,5,0.000852009022556391,0.000205135072739528
"Vulmic",0.000995238095238095,"Vulpia microstachys",99,5,0.000852009022556391,0.000205135072739528
"Vulmic",0.00091,"Vulpia microstachys",99,5,0.000852009022556391,0.000205135072739528
"Zigfre",0.0059,"Zigadenus fremontii",66,5,0.006821,0.00165107608008299
"Zigfre",0.008375,"Zigadenus fremontii",66,5,0.006821,0.00165107608008299
"Zigfre",0.00545,"Zigadenus fremontii",66,5,0.006821,0.00165107608008299
"Zigfre",0.00884666666666667,"Zigadenus fremontii",66,5,0.006821,0.00165107608008299
"Zigfre",0.00553333333333333,"Zigadenus fremontii",66,5,0.006821,0.00165107608008299
"Calcil",0.000248214285714286,"Calandrinia cilata",64,2,0.000286607142857143,5.42956992696813e-05
"Calcil",0.000325,"Calandrinia cilata",64,2,0.000286607142857143,5.42956992696813e-05
"Brohor",0.002154,"Bromus hordeaceus",351,10,0.00184802637589449,0.000258962367812488
"Brohor",0.00156842105263158,"Bromus hordeaceus",351,10,0.00184802637589449,0.000258962367812488
"Brohor",0.00232,"Bromus hordeaceus",351,10,0.00184802637589449,0.000258962367812488
"Brohor",0.00182,"Bromus hordeaceus",351,10,0.00184802637589449,0.000258962367812488
"Brohor",0.00189230769230769,"Bromus hordeaceus",351,10,0.00184802637589449,0.000258962367812488
"Chagla",0.000828571428571429,"Chaenactis glabriuscula",116,5,0.00063265873015873,0.000177799677116314
"Chagla",0.000466666666666667,"Chaenactis glabriuscula",116,5,0.00063265873015873,0.000177799677116314
"Chagla",0.000583333333333333,"Chaenactis glabriuscula",116,5,0.00063265873015873,0.000177799677116314
"Chagla",0.000472222222222222,"Chaenactis glabriuscula",116,5,0.00063265873015873,0.000177799677116314
"Chagla",0.0008125,"Chaenactis glabriuscula",116,5,0.00063265873015873,0.000177799677116314
"Chlpom",0.0107371428571429,"Chlorogalum pomeridianum",159,5,0.0100655184740563,0.0013142258955975
"Chlpom",0.01045,"Chlorogalum pomeridianum",159,5,0.0100655184740563,0.0013142258955975
"Chlpom",0.00838979591836735,"Chlorogalum pomeridianum",159,5,0.0100655184740563,0.0013142258955975
"Chlpom",0.0116617647058824,"Chlorogalum pomeridianum",159,5,0.0100655184740563,0.0013142258955975
"Chlpom",0.00908888888888889,"Chlorogalum pomeridianum",159,5,0.0100655184740563,0.0013142258955975
"Clagra",0.000378301886792453,"Clarkia gracilis",610,13,0.000704224634840137,0.00108610842849918
"Clagra",0.000610112359550562,"Clarkia gracilis",610,13,0.000704224634840137,0.00108610842849918
"Clagra",0.000454761904761905,"Clarkia gracilis",610,13,0.000704224634840137,0.00108610842849918
"Clagra",0.000373170731707317,"Clarkia gracilis",610,13,0.000704224634840137,0.00108610842849918
"Clagra",0.000448571428571429,"Clarkia gracilis",610,13,0.000704224634840137,0.00108610842849918
"Cryhis",0.000324583333333333,"Cryptantha hispidula",99,5,0.000335430952380952,2.01631374462906e-05
"Cryhis",0.00034525,"Cryptantha hispidula",99,5,0.000335430952380952,2.01631374462906e-05
"Cryhis",0.00031,"Cryptantha hispidula",99,5,0.000335430952380952,2.01631374462906e-05
"Cryhis",0.000363071428571429,"Cryptantha hispidula",99,5,0.000335430952380952,2.01631374462906e-05
"Cryhis",0.00033425,"Cryptantha hispidula",99,5,0.000335430952380952,2.01631374462906e-05
"Petpro",0.000176166666666667,"Petrohagia prolifera",79,5,0.000214533450635386,2.71258465801863e-05
"Petpro",0.000199709677419355,"Petrohagia prolifera",79,5,0.000214533450635386,2.71258465801863e-05
"Petpro",0.0002314,"Petrohagia prolifera",79,5,0.000214533450635386,2.71258465801863e-05
"Petpro",0.0002203,"Petrohagia prolifera",79,5,0.000214533450635386,2.71258465801863e-05
"Petpro",0.000245090909090909,"Petrohagia prolifera",79,5,0.000214533450635386,2.71258465801863e-05
"Naspul",0.00637777777777778,"Nassella pulchra",53,5,0.00566737484737485,0.00130780284766551
"Naspul",0.00459285714285714,"Nassella pulchra",53,5,0.00566737484737485,0.00130780284766551
"Naspul",0.00393846153846154,"Nassella pulchra",53,5,0.00566737484737485,0.00130780284766551
"Naspul",0.00675,"Nassella pulchra",53,5,0.00566737484737485,0.00130780284766551
"Naspul",0.00667777777777778,"Nassella pulchra",53,5,0.00566737484737485,0.00130780284766551
"Phlgra",0.00198333333333333,"Phlox gracilis",40,5,0.001992,0.000210720984558571
"Phlgra",0.0022,"Phlox gracilis",40,5,0.001992,0.000210720984558571
"Phlgra",0.00169333333333333,"Phlox gracilis",40,5,0.001992,0.000210720984558571
"Phlgra",0.00218333333333333,"Phlox gracilis",40,5,0.001992,0.000210720984558571
"Phlgra",0.0019,"Phlox gracilis",40,5,0.001992,0.000210720984558571
"Clapur",0.000326923076923077,"Clarkia purpurea",458,8,0.000388076209601703,4.44931021327068e-05
"Clapur",0.000335064935064935,"Clarkia purpurea",458,8,0.000388076209601703,4.44931021327068e-05
"Clapur",0.000384375,"Clarkia purpurea",458,8,0.000388076209601703,4.44931021327068e-05
"Clapur",0.000440540540540541,"Clarkia purpurea",458,8,0.000388076209601703,4.44931021327068e-05
"Clapur",0.000402564102564103,"Clarkia purpurea",458,8,0.000388076209601703,4.44931021327068e-05
"Diccap",0.00159545454545455,"Dichelostemma capitatum",100,5,0.0014470243902439,0.000392743563285173
"Diccap",0.00204,"Dichelostemma capitatum",100,5,0.0014470243902439,0.000392743563285173
"Diccap",0.00110454545454545,"Dichelostemma capitatum",100,5,0.0014470243902439,0.000392743563285173
"Diccap",0.0014,"Dichelostemma capitatum",100,5,0.0014470243902439,0.000392743563285173
"Diccap",0.00109512195121951,"Dichelostemma capitatum",100,5,0.0014470243902439,0.000392743563285173
"Erinud",0.000785714285714286,"Erigonum nudum",90,5,0.00106600250626566,0.000199442707350046
"Erinud",0.0013,"Erigonum nudum",90,5,0.00106600250626566,0.000199442707350046
"Erinud",0.001205,"Erigonum nudum",90,5,0.00106600250626566,0.000199442707350046
"Erinud",0.00105263157894737,"Erigonum nudum",90,5,0.00106600250626566,0.000199442707350046
"Erinud",0.000986666666666667,"Erigonum nudum",90,5,0.00106600250626566,0.000199442707350046
"Agohet",0.000502666666666667,"Agoseris heterophylla",215,3,0.000444063492063492,5.13934036136567e-05
"Agohet",0.000422857142857143,"Agoseris heterophylla",215,3,0.000444063492063492,5.13934036136567e-05
"Agohet",0.000406666666666667,"Agoseris heterophylla",215,3,0.000444063492063492,5.13934036136567e-05
"Censol",0.001355,"Centaurea Solstistalis",172,11,0.00110356836765928,0.000543070488559351
"Censol",0.00126,"Centaurea Solstistalis",172,11,0.00110356836765928,0.000543070488559351
"Censol",0.00158148148148148,"Centaurea Solstistalis",172,11,0.00110356836765928,0.000543070488559351
"Censol",0.00141666666666667,"Centaurea Solstistalis",172,11,0.00110356836765928,0.000543070488559351
"Censol",0.000831818181818182,"Centaurea Solstistalis",172,11,0.00110356836765928,0.000543070488559351
"Censol",0.00025,"Centaurea Solstistalis",172,11,0.00110356836765928,0.000543070488559351
"Censol",0.0017,"Centaurea Solstistalis",172,11,0.00110356836765928,0.000543070488559351
"Censol",0.00028,"Centaurea Solstistalis",172,11,0.00110356836765928,0.000543070488559351
"Censol",0.0018,"Centaurea Solstistalis",172,11,0.00110356836765928,0.000543070488559351
"Censol",0.00065,"Centaurea Solstistalis",172,11,0.00110356836765928,0.000543070488559351
"Censol",0.00101428571428571,"Centaurea Solstistalis",172,11,0.00110356836765928,0.000543070488559351
