"nseedssp","nfam","spdrymf","sd_spdrymf","IDnum","family","annual","MarinaSp","nat.inv","Functional.group","clean_code","spdryperseed","spwetperseed","spPerm_pctch","sd_spwetperseed","sd_spdryperseed","sd_spPerm_pctch","SS_SCP","C","N","cn","cn_samplemass","nsamples","starch","mucilage","germ_is_disp","lump_dispcat","H_1","H_2","L_1","L_2","LH_L_1","LH_L_2","W_1","W_2","area_LW_1","area_LW_2","Perimeter1_1","Perimeter1_2","Hue_1","Hue_2","PCof19WL_1","PCof19WL_2","texture_1","texture_2","Rectangularity1_1","Rectangularity1_2","LH_Circle_1","LH_Circle_2","LW_Circle_1","LW_Circle_2","Compactness.Ellipse_1","Compactness.Ellipse_2","BetaShape_a_1","BetaShape_a_2","BetaShape_b_1","BetaShape_b_2","Saturation_1","Saturation_2","LH_area_1","LH_area_2","shape_1","shape_2","SCTlongonly"
215,3,0.000444063492063492,5.13934036136567e-05,1,"Asteraceae","annual","yes","native","Forb","AGOHET",0.299043636363636,0.620747272727273,2.07629945396632,0.0367936912935936,0.0083001627983636,0.119790580122174,5,1290.27,116.66,11.0600891479513,3.038,1,0,0,"no","elong_long",NA,NA,NA,NA,NA,NA,NA,NA,NA,NA,NA,NA,NA,NA,NA,NA,NA,NA,NA,NA,NA,NA,NA,NA,NA,NA,NA,NA,NA,NA,NA,NA,NA,NA,NA,NA,4.2
147,6,0.00399585839527349,0.000574160772083996,2,"ALLIACEAE","bulb","no","native","Forb","ALLFAL",4.06432,5.73764,1.413291606564,0.331426172774571,0.221772275093169,0.0786932750363235,5,1279.71,95.72,13.369306310071,2.93,1,0,0,"yes","coarse",2.0650592,0.102765533719347,2.782955,0.181875629609907,NA,NA,2.0650592,0.102765533719347,3.9395413,0.374406441616609,6.7092261,0.270323015035079,0.2945475,1.51669766346862,5.033866,0.509503049929591,0.102710678,0.0297091879166761,0.74678339,0.0199443355955436,NA,NA,0.73114093,0.0372717912161776,0.97568124,0.0117361924807362,2.0386758,0.214480149278202,1.5715907,0.123864658787144,4.1150538,1.23307379404332,NA,NA,0.0160855694430029,0,2.8
514,5,0.000427910268985823,3.85816499551393e-05,3,"Primulaceae","annual","yes","invasive","Forb","ANAARV",0.43258,0.55914,1.29293938697498,0.0311877059111439,0.0264959808272878,0.00931948910957236,5,1523.57,69.3,21.9851370851371,3.015,1,0,0,"yes","coarse",1.0280981,0.0803658201982382,1.2186506,0.0842107841948471,NA,NA,1.0280981,0.0803658201982382,0.90805242,0.106081344585944,3.0798627,0.168421202948012,0.88879799,0.0901593436502833,7.176409,0.690909662188593,0.37827335,0.0920723161980752,0.81554451,0.0153501198722391,NA,NA,0.83627289,0.0685507583903336,0.98884772,0.00839535739094994,1.6282074,0.1617729211561,1.5192552,0.107997535693902,15.040583,1.84443645220521,NA,NA,0.00850368516748637,0,1.8
218,28,0.0215017955871562,0.00485935235373079,6,"Poaceae","annual","yes","invasive","Grass","AVEFAT",13.36454,17.12434,1.28138236628843,1.69668622703197,1.31006443085827,0.0214580288742385,5,1279.74,53.395,23.9674126790898,3.0055,2,1,0,"no","elong_long",1.821329,0.105386275929185,8.3045506,0.345287285199248,8.415337,0.451655925978566,2.3974183,0.111424671061315,15.034906,0.840758240111601,17.256094,0.715145619952872,1.3129563,0.0334110833774596,36.966633,2.13621519585483,0.31011749,0.0896666185022355,0.77405444,0.0206770881508011,0.20285037,0.0183961745699147,0.28908829,0.0168426385834979,0.99663199,0.00175830380983112,1.4745674,0.0433518523254133,1.4149622,0.0692971001875259,22.636699,0.57120573011929,10.9798924,0.744066348693179,0.128812591538648,0,6.6
195,5,0.00229524196965845,0.000589630740239069,7,"THEMIDACEAE","perennial","no","native","Forb","BROELE",2.6702,3.77338,1.41372611113605,0.567361037611855,0.374331504151067,0.0843586196642448,5,1369.605,79.85,17.1522229179712,2.995,2,1,0,"yes","coarse",1.7016795,0.130792594594351,1.9897244,0.176579963625674,NA,NA,1.7016795,0.130792594594351,2.4423548,0.290322447937079,5.2069619,0.355438560024233,1.3774957,0.0568306929553819,3.8314516,0.329224204369471,0.152937437,0.0776827851558432,0.8051196,0.0157117568795543,NA,NA,0.84338385,0.0626283466684083,0.9832442,0.0111990628371802,1.6266552,0.197026166680018,1.4891202,0.198841165966317,9.1433274,0.694675197863673,NA,NA,0.00646163046559146,0,3.4
351,10,0.00184802637589449,0.000258962367812488,8,"Poaceae","annual","yes","invasive","Grass","BROHOR",1.7235,2.54798,1.47811438153477,0.261629187974125,0.0765633724440087,0.13411817465981,5,1300.83,60.57,21.4764735017335,3.226,1,1,0,"no","elong_short",1.6839537,0.377758453909388,11.5616722,1.61846977429902,11.7123396,1.73752889157768,1.8789379,0.371467946147129,10.5009275,2.08493064924303,23.105617,2.98003999681977,1.2376221,0.0211272530183174,31.684679,1.78232216738258,4.6325961,0.71610929224548,0.52244457,0.107119987759314,0.133621458,0.0318595780556261,0.166731,0.0457792215592766,0.91272819,0.0621614593446498,22.1423523,28.5387935723398,6.4278737,5.53683629743107,17.236275,1.12988384713995,9.2704224,1.43486802744466,0.164443905338797,0,0.22
64,2,0.000286607142857143,5.42956992696813e-05,10,"MONTIACEAE","annual","no","native","Forb","CALCIL",0.336877777777778,0.446757777777778,1.33705257365764,0.0564608322666865,0.0511019919401085,0.160651825822402,5,1438.52,97.98,14.6817717901613,3.009,1,1,0,"yes","smooth",0.94168466,0.257544767750435,1.40477205,0.130273496944929,NA,NA,0.94168466,0.257544767750435,0.96195821,0.334882795240863,3.2925725,0.428224049066607,0.97178453,1.08684865891954,7.024024,0.363828550281874,0.02114261805,0.0101916328912938,0.789683385,0.0241712665983106,NA,NA,0.65215727,0.152551837144445,0.98821218,0.00873292911707117,1.6581493,0.138723897546662,1.55068985,0.141509563628929,2.7889248,0.646317767651779,NA,NA,0.0393375488413412,0,2.8
44,3,0.00127698412698413,0.000260867353775941,11,"Asteraceae","annual","yes","native","Forb","CALPAU",1.38771846153846,2.05441692307692,1.47707841492196,0.696012836619875,0.458838002429368,0.0873754111151733,5,1279.71,78.79,16.2420357913441,2.827,1,0,0,"yes","elong_short",1.17433606,0.104971373498325,3.1241771,0.204946515326669,3.0975885,0.212473684798978,1.444655,0.156605994649701,3.1275179,0.332095619322524,6.9108573,0.422921112690469,1.13825043,0.112472337936757,7.3893639,0.387949792455287,0.14377073,0.0482989419971091,0.7311858,0.0240869492200422,0.33074186,0.0345026129538104,0.4446225,0.0457705740717282,0.96745141,0.00838188929795797,1.8482552,0.100848049296179,1.3536629,0.0572848120349345,5.8136463,1.47194458527223,2.4977335,0.312577235189872,0.0798481645828806,0,5
172,11,0.00110356836765928,0.000543070488559351,13,"Asteraceae","annual","yes","invasive","Forb","CENSOL",1.23317333333333,1.77834666666667,1.44108721115948,0.652121299469832,0.449835607256202,0.0228419806835629,5,1374.925,49.71,27.6589217461275,2.866,2,0,0,"no","elong_long",NA,NA,NA,NA,NA,NA,NA,NA,NA,NA,NA,NA,NA,NA,NA,NA,NA,NA,NA,NA,NA,NA,NA,NA,NA,NA,NA,NA,NA,NA,NA,NA,NA,NA,NA,NA,5.2
116,5,0.00063265873015873,0.000177799677116314,15,"Asteraceae","annual","yes","native","Forb","CHAGLA",0.513210693069307,0.908403564356436,1.7771183643123,0.447622165651272,0.246110505702729,0.174346000004124,5,1385.49,80.48,17.2153330019881,2.872,1,0,0,"no","elong_short",0.66028713,0.103295096515588,4.4757715,0.412546152310866,NA,NA,0.66028713,0.103295096515588,1.829655,0.296105295935228,9.385826,0.926270056737115,-0.38858657,0.0437759512118,NA,NA,NA,NA,NA,NA,NA,NA,0.102156954,0.0172903677590117,0.88546561,0.0417522784188533,1.376926,0.161117576125843,1.05957962,0.0753570633955113,28.918752,0.312235225993338,NA,NA,0.167150117991576,0,1.1
159,5,0.0100655184740563,0.0013142258955975,16,"AGAVACEAE","bulb","no","native","Forb","CHLPOM",10.0696781818182,13.2274,1.31344484119946,0.818028495836177,0.288680688049776,0.0686360937808995,5,1534.285,105.87,14.4921601964674,3.085,2,0,0,"yes","coarse",2.3885554,0.325945565507221,3.9750172,0.27161142192756,3.8996823,0.273173483097402,2.7120518,0.199059500270536,7.8861525,0.687409850175158,9.7957353,0.425620535793733,1.4318569,0.0948619700974351,4.4755521,0.348143798599069,0.48139391,0.428759388827501,0.76625936,0.0190274111266527,0.57089488,0.0976653024157596,0.66009345,0.0797539687617314,0.97693909,0.00697992919391817,1.700472,0.148993696133614,1.3658446,0.112557216322485,7.344843,1.08950127505795,6.5780779,0.723535600078063,0.0338082289778339,0,4.6
610,13,0.000704224634840137,0.00108610842849918,17,"Onagraceae","annual","yes","native","Forb","CLAGRA",0.4084,1.18766,2.93286827670435,1.29362376988056,0.0141957740190523,3.23586417257333,5,1523.57,188.5,8.08259946949602,2.946,1,0,0,"yes","smooth",0.8153881,0.0787198927083732,1.7858771,0.130542116305173,NA,NA,0.8153881,0.0787198927083732,1.02980691,0.160478942572846,3.9595069,0.295439623489564,1.0634907,0.0410993100078605,11.849313,0.792878690399736,0.30493249,0.0889057119779708,0.79495482,0.0569129683361222,NA,NA,0.43050506,0.0486203167176302,0.96736571,0.0126058298343311,1.7128151,0.4569074631098,1.4859796,0.290359043478625,15.359893,1.25957648633755,NA,NA,0.068871392160152,0,2
458,8,0.000388076209601703,4.44931021327068e-05,18,"Onagraceae","annual","yes","native","Forb","CLAPUR",0.38446,0.52534,1.36448461437597,0.0630929710823639,0.0328065237414756,0.0838128557819627,5,1470.39,154.37,9.52510202759604,2.73,1,0,0,"yes","smooth",1.01480362,0.064217839851448,1.502264,0.0642178843227406,NA,NA,1.01480362,0.064217839851448,0.97815948,0.116239583454737,3.4853409,0.185689811045464,1.1877138,0.0166287895918161,14.020755,1.65763625841973,0.27197291,0.119306430401853,0.76264321,0.0281341702338179,NA,NA,0.63818239,0.0660103218043032,0.95628091,0.0158571206594984,2.2141763,0.37752045348565,1.633114,0.225322932181051,14.502782,0.706519511719244,NA,NA,0.0254110584002415,0,2.2
149,3,0.00149899585613871,0.000272351906314115,19,"Plantaginaceae","annual","yes","native","Forb","COLSPA",2.03816888888889,4.53085333333333,2.25046897653287,1.08270240873884,0.135925060462478,0.681530325317061,5,1258.64,61.155,20.5811462676805,3.0425,2,0,0,"yes","flat",1.4668123,0.140833741845601,3.1330402,0.28340538448535,3.035548,0.282016113377311,2.2112972,0.349214557919722,5.1113296,0.766787730448438,7.7173826,0.544251103378497,1.00409689,0.04750613939069,13.7594231,1.81063757526964,0.94400706,0.410288973139348,0.78745827,0.0291551595296251,0.45761309,0.0381133943355716,0.69864414,0.163719855052032,0.98297673,0.013961654051966,1.5523075,0.240267588408447,1.4249487,0.195748711587671,26.384934,3.29212456680147,3.2859951,0.652823918072256,0.0563528744529359,0,1.175
99,5,0.000335430952380952,2.01631374462906e-05,20,"Boraginaceae","annual","no","native","Forb","CRYHIS",0.35916,0.51922,1.44558512880415,0.0236454435357005,0.0148717181253546,0.0236295871028926,5,1523.57,135.71,11.2266597892565,2.931,1,0,0,"yes","smooth",0.87299704,0.132203099172911,1.8966638,0.173274517794292,NA,NA,0.87299704,0.132203099172911,1.04492786,0.16901819544491,4.1744326,0.385505689697802,1.05311542,0.133857900368669,12.6693285,2.30071121531057,0.26073704,0.124581775800941,0.6861189,0.0505146160202943,NA,NA,0.39379029,0.0339248244976857,0.93423793,0.0298542687746493,2.1131464,0.26659628445948,1.3454113,0.115813198337332,9.4649874,1.49023699256276,NA,NA,0.0689721305359475,0,4.6
100,5,0.0014470243902439,0.000392743563285173,21,"THEMIDACEAE","perennial","no","native","Forb","DICCAP",1.18632142857143,1.81125357142857,1.60109362109678,0.0666858023982361,0.327715121537523,0.368932163355018,4,1470.39,124.03,11.855115697815,2.975,1,1,0,"yes","coarse",1.4313608,0.201510796618279,3.5540285,0.296756785681567,NA,NA,1.4313608,0.201510796618279,3.5063314,0.674564663244081,7.5534188,0.521044572949762,-0.0109971,1.56992876108075,5.041452,0.258499436871512,0.105273335,0.0627981436753547,0.72112719,0.0221915294000736,NA,NA,0.37882777,0.0470769065304152,0.97507251,0.0166325943083954,1.7147762,0.135622827336863,1.6227561,0.139195318721133,3.2206778,0.778669460393076,NA,NA,0.0834496677971634,0,1.8
1,1,0.0022,NA,22,"Poaceae","perennial","no","native","Grass","ELYELY",2.5275,4.69996666666667,1.85899894918456,0.78112617632066,0.400452106999077,0.0975139215755302,3,1252.89,65.42,19.1514827269948,3.029,1,1,0,"no","elong_long",0.85970258,0.26699281879418,5.9824668,0.611637442615885,5.9115638,0.618501983917756,1.06354994,0.223777830081105,4.6832256,1.32612466468572,12.390356,1.36985237585296,1.3820486,0.126654586420311,35.738312,6.23038272848627,1.4597506,0.928425206261358,0.76570198,0.0409550225083811,0.118958322,0.0317741040748393,0.16262374,0.0242424550366294,0.98492722,0.00898269101589271,1.5689458,0.134989031327364,1.4654668,0.141143494268068,23.40734,2.13666866246267,3.454684,1.42331525963576,0.168979818599343,0,2.5
90,5,0.00106600250626566,0.000199442707350046,24,"polygonaceae","shrub","no","native","Forb","ERINUD",0.9957,1.714425,1.72770791278403,0.215553618619591,0.121398160337516,0.171900245427013,4,1343.13,79.72,16.8480933266433,3.188,1,1,0,"yes","smooth",1.2408079,0.123587554547328,2.9026044,0.14359545184704,NA,NA,1.2408079,0.123587554547328,2.1503402,0.215435813065207,6.0467234,0.316546875488959,0.84574663,0.105531467632414,15.398703,3.37803326484526,0.5983603,0.36283933443529,0.64354775,0.0216270013402614,NA,NA,0.38243424,0.0439028951397716,0.95164494,0.0203429416253293,2.5601441,0.383641109838769,1.8306642,0.234583314993392,23.498107,3.45649758253785,NA,NA,0.0762992447806136,0,2.2
149,5,0.00457399103942652,0.000542083363664036,28,"LILIACEAE","bulb","no","native","Forb","FRIPUR",5.359325,13.936825,2.60651505225003,1.32124280729673,0.431805715378263,0.238018650833051,4,1427.91,94.96,15.0369629317607,3.143,1,0,0,"yes","flat",2.2112972,0.546126834466907,7.6797152,0.316848528254538,7.3473558,0.623141231037252,5.6988539,0.371467882522672,30.801318,2.21948405231586,18.889086,0.680551909379439,1.0672359,0.0331950474031895,19.242952,1.52184883907554,0.067495308,0.019996698601343,0.76268121,0.0210444379215058,0.24202182,0.0836585474739073,0.72590817,0.0514185806638688,0.96490111,0.00795623024127073,1.8739324,0.181242102888313,1.5506764,0.0511004566781072,30.876295,1.67427472129311,11.1167689,3.52088176559829,0.0925579247195386,0,0.9
1005,10,0.00170105876031046,0.0016574304854089,29,"Rubiaceae","annual","no","native","Forb","GALAPA",0.15036,0.26953,1.79135764621845,0.0189937919682546,0.00786465511004774,0.0406019783565662,4,1459.76,80.48,18.1381709741551,3.094,1,0,0,"yes","elong_short",0.62040399,0.0590860833333394,0.96162618,0.069441896595992,NA,NA,0.62040399,0.0590860833333394,0.44656384,0.0660860868579798,2.3220836,0.183250238565981,1.1346746,0.0725374809678111,12.6964889,2.47682247175172,0.63041581,0.379973921536885,0.84598626,0.0358507278145926,NA,NA,0.59399229,0.0366555948493072,0.97874891,0.0121858793602769,1.2974644,0.0935328063981356,1.2311269,0.0797667338381804,8.0516536,2.161783240654,NA,NA,0.0297728962292792,0,1.085
117,5,0.000143233766233766,4.41458842005243e-05,30,"Rubiaceae","annual","yes","invasive","Forb","GALMUR",0.14551,0.28122,1.93293663685144,0.0152830188989828,0.00711178364875272,0.0587497267422885,4,1417.3,83.93,16.886691290361,3.098,2,0,0,"yes","elong_short",0.68687586,0.112980439696487,1.09456976,0.0754648761689717,NA,NA,0.68687586,0.112980439696487,0.55771385,0.0732969521968494,2.685463,0.253666197161195,1.0278556,0.218893918248406,18.059156,2.98239191609017,0.78271515,0.430124479005832,0.83411066,0.0513902695227025,NA,NA,0.58804549,0.0901005244419618,0.96895456,0.0292354356609387,1.297646,0.110283387026333,1.2483746,0.11006599310333,5.3028625,1.98457729425041,NA,NA,0.0393961385388555,0,1
80,3,0.00335925561029009,0.000767401317575594,31,"Polemoniaceae","annual","yes","native","Forb","GILCAP",1.30115,9.0225,7.0036195844297,0.755481087343246,0.160716074699038,0.93256859978795,4,1481.02,78.1,18.9631241997439,3.064,1,0,1,"yes","coarse",1.03252944,0.116404813724664,2.1138051,0.165875782777656,2.0872163,0.154148600835579,1.3028482,0.112883923658873,2.0295679,0.312922136766552,4.8923287,0.367035913247086,0.84875835,0.0597730535737049,13.222789,1.52876937197102,0.40876464,0.582973713168933,0.78267735,0.0181510552262733,0.45487092,0.0764067046725002,0.60261667,0.0460400864145354,0.99166224,0.00562586741701027,1.5725959,0.0714116644914074,1.4162683,0.0788393154587932,26.433174,1.78244477658075,1.5441211,0.180482942124395,0.0500820471481005,0,3.4
43,3,0.00038427807486631,0.00015196867429243,32,"Polemoniaceae","annual","yes","native","Forb","GILTRI",0.383825,2.6709,6.99663791923924,0.847637394959268,0.0253038040618402,2.22313504576572,4,1449.14,91.93,15.7635157184815,3.23,1,0,1,"yes","coarse",0.86413413,0.0916549136676268,1.3515943,0.253494002866625,NA,NA,0.86413413,0.0916549136676268,0.84580058,0.222500384496676,3.1950805,0.510184488466291,0.99976954,0.033107139429206,18.732731,1.92157727897018,0.604638149,0.516717646963013,0.78919758,0.0246849532555901,NA,NA,0.61181625,0.100071516956949,0.97869132,0.0132616954939823,1.5570616,0.160873553476152,1.4196565,0.154284367163905,22.16483,4.1133777428775,NA,NA,0.0333890051869702,0,0.3
289,6,0.000835233948170901,0.000264585110728079,33,"Asteraceae","annual","yes","native","Forb","HEMCON",1.182,1.884,1.60029959849062,0.141068730293664,0.125240781430544,0.103963998946605,4,1491.65,99.06,15.0580456289118,3.044,2,0,0,"yes","coarse",NA,NA,NA,NA,NA,NA,NA,NA,NA,NA,NA,NA,NA,NA,NA,NA,NA,NA,NA,NA,NA,NA,NA,NA,NA,NA,NA,NA,NA,NA,NA,NA,NA,NA,NA,NA,1.2
88,3,0.00225684523809524,0.000220548968177014,34,"Asteraceae","annual","yes","native","Forb","HOLVIR",1.901375,3.130325,1.65505169799344,0.307124484804886,0.27902713577715,0.0985880330716855,4,1640.9,124.03,13.2298637426429,2.948,1,0,0,"yes","coarse",1.5731674,0.0962985389391875,3.4919882,0.253106539099776,3.3944962,0.322411921842505,1.6041876,0.138254006563764,3.7710491,0.382799276817049,7.9389553,0.781917984431452,1.2240179,0.0984424786466696,8.0783162,1.63493797866319,0.27247647,0.116921858133751,0.72514003,0.0462575339197855,0.42076678,0.0342764026679775,0.40112329,0.0277275625123951,0.95431434,0.0148750211184313,1.6301798,0.168879536789985,1.2803137,0.065809734524866,6.8223093,3.88540928885068,3.6274966,0.34105392204694,0.0688461455485735,0,8.8
138,5,0.000840893023255814,0.000227952889326761,35,"Asteraceae","annual","yes","invasive","Forb","HYPGLA",0.542825,0.812625,1.50193902121488,0.0682686543493181,0.0640896962597473,0.064995054024758,4,1300.83,88.13,14.7603540224668,2.66,1,0,0,"no","elong_long",0.62483544,0.0737097445374792,4.6796187,0.958033404084296,NA,NA,0.62483544,0.0737097445374792,1.7332332,0.324657597810986,9.5608684,1.79570468207747,0.432507656,0.241732538308102,NA,NA,NA,NA,NA,NA,NA,NA,0.118264872,0.0218313548116428,0.93415558,0.0203321958569162,3.0059837,1.50170212202095,2.2361567,0.947833915481804,9.3399734,2.36579697324358,NA,NA,0.171446886743429,0,3.6
89,5,0.000537757575757576,0.000102132207055806,36,"Asteraceae","annual","no","invasive","Forb","LACSER",0.6075,1.361375,2.24157150399078,0.100843455414816,0.0324453386482558,0.126858712885126,4,1651.59,126.97,13.0077183586674,2.897,1,0,0,"yes","elong_long",0.65363992,0.107471539510718,3.5695386,0.340985774317932,3.6493049,0.566459742733102,1.11894288,0.0973806499825548,2.6395183,0.428926127254922,7.3041491,0.70340863289645,1.2990363,0.0366117240110755,20.6608395,1.95754284361389,0.09680149,0.045220088755115,0.695229945,0.02929474751107,0.14413566,0.0277347211264414,0.318618695,0.0223009629853316,0.978867195,0.0103857140158704,1.93414205,0.241851254994399,1.73578525,0.270464221321489,19.176518,1.85817630167918,1.312885935,0.278959207096928,0.130772320732899,0,0.65
63,5,0.000248234856930509,7.36396649445979e-05,37,"Asteraceae","annual","yes","native","Forb","LAGMIN",0.334022222222222,0.615813888888889,1.8503244945782,0.0608595383267882,0.0235347637098964,0.221856031257026,4,1598.18,152.95,10.4490356325597,3.116,1,0,0,"yes","smooth",0.63812982,0.0984275821006581,2.4151443,0.30861529569138,2.3974183,0.246688665176732,0.90844863,0.188300652201998,1.4934557,0.55431706938379,5.182589,0.706910549317553,1.11663817,0.092981436342483,11.8666457,3.37801601941501,0.211077346,0.109478231042266,0.70923461,0.0412915490631208,0.20959937,0.0352000948349117,0.32945417,0.0624861790213742,0.94448337,0.0319266525604497,1.9275367,0.258817016322365,1.3538252,0.272742763131123,13.077743,4.14530478084147,0.93613437,0.152080047288555,0.109595477196117,0,1.2
142,3,0.00014759793052476,1.16210228677779e-05,38,"Asteraceae","annual","yes","native","Forb","LASCAL",0.194075,0.3777,2.01677112248096,0.032926180059845,0.0452793091083923,0.413092326101963,4,1523.57,136.44,11.166593374377,3.24,1,0,0,"yes","elong_long",0.684413922222222,0.177412082337385,3.37775511111111,0.345239891870654,NA,NA,0.684413922222222,0.177412082337385,1.09404424444444,0.145798105232845,7.33898522222222,0.853686655555008,-0.994861577777778,0.100385151120905,NA,NA,NA,NA,NA,NA,NA,NA,0.113384061111111,0.0268503178167552,0.8194345,0.110935133643641,1.43336322222222,0.153483272076941,1.02350906666667,0.132823358708032,19.2843311111111,1.40645919891446,NA,NA,0.148224287906511,0,0.95
125,3,0.000209564393939394,3.35664359376517e-05,40,"Polemoniaceae","annual","yes","native","Forb","LINDIC",0.232925,0.3878,1.66365898645201,0.0278454065631419,0.0116130314733062,0.0412360147404533,4,1715.8,99.49,17.2459543672731,3.203,1,0,0,"yes","coarse",0.70017023,0.0619700117710359,1.3161428,0.138647838588594,NA,NA,0.70017023,0.0619700117710359,0.64019267,0.100747914326204,2.9934492,0.252297032009583,0.56479618,0.169008578861533,11.835427,0.996536730170488,0.205066826,0.161076509624633,0.7694816,0.04358315659801,NA,NA,0.47297012,0.0476976877540154,0.95236607,0.0301738954773475,1.5792558,0.336535442003034,1.3599501,0.245405101662288,8.8906219,2.03593315664616,NA,NA,0.0510326920986906,0,1.4
165,3,0.00191049019607843,0.000428514002441403,41,"Poaceae","annual","no","invasive","Grass","LOLMUL",2.2463,3.2932,1.46743133136385,0.237827906969164,0.183876498407672,0.0501616553347512,4,1153.26,47.67,24.1925739458779,2.772,1,1,0,"yes","elong_long",0.982740776470588,0.148002846344515,5.46633247058824,0.805157727713499,4.40278305882353,0.425898905598129,1.41024605882353,0.10301984581955,5.69346370588235,0.947468590374423,11.3901478235294,1.72351257683851,1.37382494117647,0.0337935870903612,30.3076164705882,1.97484818250967,2.89696152941176,0.730619951402413,0.769973841176471,0.0473686502125754,0.210203011764706,0.0277088511746897,0.257391847058824,0.0261478015878037,0.989342741176471,0.00845683561313411,1.54754358823529,0.248113349489467,1.40921852941176,0.118124635093678,16.6267082352941,1.38284849583765,3.00019552941176,0.708245292749899,0.138984883456356,0,2.4
53,5,0.00687890909090909,0.00116412532340596,42,"Apiaceae","perennial","no","native","Forb","LOMMAR",6.14315,13.6244,2.25499692726126,1.91310309358034,1.29776034125463,0.258716234125497,4,1449.14,115.18,12.5815245702379,3.243,1,0,0,"yes","flat",5.4241036,0.67212868825582,9.2794706,0.929362093677785,NA,NA,5.4241036,0.67212868825582,40.092163,8.67841200246918,22.228189,2.74183469854868,1.2336789,0.0356181700741817,27.825987,2.2324968742596,1.09737859,0.440053449609563,0.79837748,0.0191276069839614,NA,NA,0.57899648,0.0487708850124015,0.99811491,0.00159785118793266,1.4765619,0.0613017335652101,1.4545112,0.0548823220653872,25.029046,2.88188379749234,NA,NA,0.0409206308169273,0,4.6
25,5,0.00339695238095238,0.00100693370562731,43,"Fabaceae","annual","no","native","N-fixer","LOTHUM",3.090225,3.59535,1.16188591457005,0.499999029999059,0.117566474104369,0.136726028541988,4,1226.96,92.69,13.2372424209731,2.978,1,0,0,"yes","smooth",1.3826146,0.18187581370338,2.4195756,0.141991048533349,2.3619666,0.141760396531299,2.0783535,0.149841640632332,3.8036478,0.507683994257101,6.4189656,0.478087680589427,1.4075464,0.0719543328479946,11.572741,1.39970464243663,0.33090038,0.0734888087416157,0.80687543,0.0236489220974962,0.56532925,0.0770517265224292,0.82949593,0.0407240852927506,0.99350528,0.00296437820716436,1.5236324,0.101240076869236,1.4463669,0.109567557699906,17.280546,3.50516583813155,2.3033189,0.449426542531566,0.0342950382525693,0,2.6
70,5,0.00332949269005848,0.00042164892049905,44,"Fabaceae","annual","yes","invasive","N-fixer","MEDPOL",3.243275,4.2743,1.31027838162172,0.7880806600004,0.382654111655248,0.108935208675775,4,1427.91,160.04,8.92220694826294,2.776,1,0,0,"no","elong_short",1.1521788,0.106518893781338,3.1108829,0.227692434517584,3.0887256,0.239143679779983,1.8567804,0.117152198614736,4.4147766,0.538396238738141,7.3274143,0.528280620564288,1.3296528,0.0578745117297378,23.687946,3.38665605553849,0.073094137,0.0342400958723817,0.7926178,0.0245648718857731,0.35426018,0.0449373239052349,0.57026435,0.0289272684192326,0.97733158,0.0173750587578095,1.3430938,0.0827249705829839,1.3189023,0.0861519300964549,38.215568,2.80419281100759,2.7805177,0.3616599443698,0.0703588945372101,0,1.61
88,8,0.00313018735650315,0.000747091106520959,46,"Asteraceae","annual","yes","native","Forb","MICDOU",1.81959166666667,3.79305833333333,2.08490205254905,0.236489568127927,0.117926607354838,0.0268069717906397,4,1438.52,66.73,21.5573205454818,2.856,1,NA,0,"no","elong_long",1.00024304285714,0.391256036519467,6.22936242857143,0.529836964148362,NA,NA,1.00024304285714,0.391256036519467,3.36451828571429,0.709319990572124,13.3924957142857,1.62232181981933,0.196024524285714,0.198938131054362,NA,NA,NA,NA,NA,NA,NA,NA,0.126038495714286,0.0312910505274399,0.9124945,0.0812004547443342,2.12107614285714,0.31177983026939,1.70997042857143,0.26624887509237,38.1945171428571,1.34215666785109,NA,NA,0.166405576274013,0,7.2
24,1,0.00298333333333333,NA,47,"PHRYMACEAE","annual","no","native","Forb","MIMDOU",3.5401,7.2741,2.06018751697026,0.30165175285418,0.340118361750729,0.112724457025804,2,1216.54,41.75,29.1386826347305,2.64,1,0,0,"no","coarse",0.41655697,0.0598201161405138,0.97935201,0.15695397838771,0.96162621,0.147789084922086,0.6115411,0.115935277849602,0.4379232,0.174505408721646,2.2511802,0.407918782026194,1.2178378,0.0504054006978529,17.319935,1.37467275664873,0.086766652,0.0591144874243711,0.809534,0.0284268157453095,0.41033916,0.0572519147046765,0.58887589,0.0570324887112883,0.98098381,0.00675938450541994,1.7015192,0.162924822159588,1.4254768,0.146944604832948,24.369299,0.817164616632822,0.29515633,0.0734140854592337,0.0595371442069219,0,0.7
500,5,3.721e-05,2.59911042474151e-05,48,"PHRYMACEAE","perennial","no","native","Forb","MIMGUT",0.027863152173913,0.0359090398550725,1.29820932497317,0.00435589037766093,0.00467169202874806,0.0900367128936925,4,1630.21,132.81,12.274753407123,2.949,1,0,0,"yes","coarse",0.38110532,0.0520158928894451,0.54950069,0.0667175937107455,NA,NA,0.38110532,0.0520158928894451,0.15081841,0.0316352534346468,1.3139268,0.13540346718341,0.96717429,0.0833935761912877,10.8619017,1.5009306362645,0.090246422,0.118822870651384,0.90179714,0.0725761132198956,NA,NA,0.66462193,0.0395709674886933,0.98230325,0.0128348025166169,1.4311939,0.156367905626762,1.3359493,0.130220294131863,18.011868,3.14097376762826,NA,NA,0.0244375320031869,0,1.4
53,5,0.00566737484737485,0.00130780284766551,49,"Poaceae","perennial","no","native","Grass","NASPUL",4.61013333333333,5.7592,1.24937397317245,0.461021995136891,0.374403009247166,0.0185508889237483,3,1269.15,98.74,12.8534535142799,3.119,1,NA,0,"yes","elong_long",1.04582383,0.132450365766435,6.2971005,0.375121204927228,NA,NA,1.1211586,0.0592703353742644,5.2735378,0.511893281014662,12.820204,0.701859095532873,1.0797152,0.0135823297199789,20.11833,1.17403155571825,0.73422656,0.253205432921383,0.78258047,0.0237170004854956,NA,NA,0.16992451,0.00866162048854985,0.99046347,0.00552839894284252,1.5370535,0.0585487341816864,1.4973761,0.0867653313797241,24.73184,1.76806594555243,NA,NA,0.157700786192583,0,0.9
79,5,0.000214533450635386,2.71258465801863e-05,51,"Caryophyllaceae","annual","no","invasive","Forb","PETPRO",0.238165909090909,0.353186363636364,1.48186198728543,0.0365849217762921,0.0223200911051489,0.025065208324511,4,655.96,31.97,20.5179856115108,2.55,1,1,0,"yes","elong_short",0.66028711,0.0607251538518238,1.2053562,0.074738627364971,1.01037225,0.128435914324955,0.70903314,0.0660602606091203,0.51019034,0.082092421515241,2.6921101,0.21181821511457,1.08804809,0.0927299171433836,8.300277,1.11536340453913,0.195890449,0.154147386104113,0.67824619,0.0388663254627805,0.63730711,0.0539378336806663,0.49651231,0.0594830210488197,0.89071208,0.0438103768007535,1.9960001,0.181145873711677,1.2683513,0.109377271187645,11.2225714,0.992644963553681,0.43458477,0.0690405702495287,0.0440422393229814,0,0.95
40,5,0.001992,0.000210720984558571,52,"Polemoniaceae","annual","no","native","Forb","PHLGRA",2.088525,15.10135,7.24046080793695,1.87568873306136,0.0656859891199536,0.979117733152452,4,1279.71,80.48,15.9009691848907,2.719,1,1,1,"yes","coarse",0.88629139,0.0910577441850981,2.8272694,0.309003869833085,2.782955,0.292312044954626,1.7371311,0.209735024607744,3.6661831,0.744463632806339,6.5208891,0.714478691032443,1.1659364,0.061247681872142,18.122561,1.41927320038932,0.231105283,0.184972515474545,0.77648109,0.0321471876680596,0.29886577,0.0437259433166284,0.60561448,0.0564409742759204,0.99451136,0.00171731081778718,1.6178999,0.0955215251081603,1.4582292,0.0670426377345044,21.13348,2.83815707911548,1.714381,0.271526039363938,0.0825818379198115,0,1.2
133,10,0.001663996003996,0.000278906650459441,53,"Plantaginaceae","annual","yes","native","Forb","PLAERE",1.8042,31.492775,17.4839293972724,4.09565118174143,0.123231949320512,2.18490534843275,4,1311.4,80.48,16.294731610338,2.948,1,0,1,"yes","coarse",0.97492058,0.0511700924781871,2.4018499,0.165546574520385,2.3974184,0.171566045083519,1.3427315,0.0754649427206656,2.4343032,0.239574509164709,5.5016539,0.346745542586892,0.93370841,0.0311855391077499,9.0336294,0.426001337412663,0.101629991,0.0276621769781999,0.79586213,0.0170319434423836,0.39179684,0.0197120096818722,0.54292652,0.0430551224777881,0.99779356,0.000830125427202954,1.5429468,0.0541829409906845,1.4975824,0.0415754210059528,24.05719,1.78124872688298,1.7306803,0.184463221494783,0.0660474246685181,0,5.2
115,5,0.00306877022841657,0.000511784417041577,57,"Iridaceae","perennial","no","native","Forb","SISBEL",3.315775,5.3199,1.60383233023536,0.311552809862683,0.0913462049932381,0.0681892682619318,4,1417.3,82.78,17.1212853346219,3.074,1,0,0,"yes","coarse",1.5864616,0.0636520780414079,2.02296035,0.0816804856423233,NA,NA,1.69060085,0.135083939462323,2.5712768,0.235299731210753,5.2302272,0.224753987222661,1.37796915,0.0443439147777733,NA,NA,NA,NA,NA,NA,NA,NA,0.830150165,0.0845052943913437,0.994725625,0.00298347612056368,1.52618165,0.0976185942303137,1.47484705,0.0814345649964145,3.0773747,0.810667415713945,NA,NA,0.0113789787810636,0,5.4
121,9,0.00686728006017222,0.00428617740636521,58,"Poaceae","annual","no","invasive","Grass","TAECAP",3.471825,4.5963,1.32447524839528,0.410064848530083,0.263181197086722,0.0828646625766443,4,1205.88,45.53,26.4853942455524,3.102,1,1,0,"no","elong_long",0.85970267,0.0984275971081626,7.7195984,0.551830531415458,7.4537108,0.503446761823112,1.2275138,0.12367583723392,6.6599675,1.00433392456087,15.625318,1.11882864034767,1.2866407,0.0262276123327645,30.287136,2.52179565629643,1.7594912,0.611222647519216,0.73083986,0.020460583529324,0.106398932,0.00941339496661339,0.1523228,0.0130206816175908,0.98508456,0.00772187545630379,1.9470687,0.232904869783566,1.6085775,0.116725001851217,22.517072,1.80012094185548,4.0491204,0.700858212639364,0.172399775421879,0,2.11
79,3,0.00164757904245709,0.000218302071653907,59,"Brassicaceae","annual","yes","native","Forb","THYCUR",0.64705,1.18275,1.82625399199522,0.102035508525219,0.0234052344572747,0.0916337310316619,2,1449.14,39.89,36.3284031085485,3.252,1,0,0,"no","flat",0.837053044444444,0.158922745275764,2.07293722222222,0.130667670765168,1.95968888888889,0.196661173410287,1.58055311111111,0.073487309762374,2.331881,0.226041947451131,5.01739411111111,0.264524939815911,1.24126588888889,0.0308958182787106,18.8748977777778,1.46914868330079,0.431660166666667,0.270238861285123,0.788750688888889,0.0157642745144238,0.423695966666667,0.119511625023541,0.798384088888889,0.0256462504680725,0.990131188888889,0.00298623745809189,1.76382611111111,0.123573167282024,1.67786088888889,0.0700531804300212,35.1722566666667,4.29539698881256,1.12088272222222,0.164066165515652,0.0639266464390393,0,1.625
24,3,0.00217037037037037,0.000265118965454419,60,"Fabaceae","annual","yes","native","N-fixer","TRIALB",1.92219722222222,2.44341666666667,1.27131560844848,0.503032008038367,0.0712491665534967,0.258679229777689,4,1406.69,153.66,9.15456202004425,3.078,1,0,0,"no","balloon",0.95276329,0.140523733214946,2.2556118,0.0607249584397644,NA,NA,0.95276329,0.140523733214946,1.709668,0.244003061901098,5.0053309,0.16297292173204,1.15595766,0.185629487642258,16.015394,3.41198889133987,0.132569775,0.0494955459489056,0.85328673,0.0282720038649957,NA,NA,0.40885543,0.0673073588579213,0.99359215,0.00389905332107108,1.3283874,0.0625289736259209,1.2881102,0.072813803121844,29.184888,8.50501835015827,NA,NA,0.0790521366143158,0,2.4
76,5,0.00560434920634921,0.00152546874613663,61,"Fabaceae","annual","yes","native","N-fixer","TRIFUC",5.813,6.46475,1.10865299677876,0.937617436200216,0.533581052887,0.0725134009268869,4,1226.96,78.49,15.6320550388585,2.945,1,0,0,"no","balloon",1.6174819,0.1580623340229,2.5702451,0.144730687025132,2.5392249,0.153581235665508,2.3663981,0.120367529518231,4.4501243,0.295230402831811,7.0172122,0.28318382721076,1.3234557,0.100714037846491,7.5072708,0.865936132279306,0.87382758,0.613792332954457,0.78808843,0.0140892706012649,0.61779527,0.0663024502440655,0.89923236,0.0465988034638039,0.98742135,0.00240573388583286,1.6159668,0.111935707511847,1.49061,0.12255681579759,14.4085374,2.89896745722427,3.2231539,0.473801066403624,0.027876066852338,0,1.4
115,3,0.00137334884403362,0.000250765489872546,64,"Fabaceae","annual","yes","native","N-fixer","TRIGRA",1.254525,1.5476,1.23999104300609,0.139262557782054,0.077225702759293,0.161196359611054,4,1290.27,101.75,12.6807862407862,3.248,1,0,0,"no","balloon",0.8862914,0.0511700924780612,1.9143896,0.115935256614486,2.0074502,0.110638656686028,1.0679811,0.048768411744694,1.4901173,0.148498375659691,4.3228865,0.217209411490515,0.38291345,0.101439653625134,NA,NA,NA,NA,NA,NA,0.41853807,0.0482883589944144,0.52989265,0.0268003760532178,0.9878014,0.00307177571374532,1.6815636,0.0352282181692145,1.4132865,0.0293702457495488,33.807892,7.24116932056142,1.3416552,0.0712262886639789,0.056927602072455,0,2
91,5,0.00222178354978355,0.000359304180865303,63,"Fabaceae","annual","yes","native","N-fixer","TRIWIL",2.242575,3.955975,1.76539477534153,0.279224776539141,0.0887132975752037,0.127988648517106,4,1132.24,112.21,10.0903662775154,2.746,1,0,0,"no","balloon",1.1433158,0.085623829150535,2.0030186,0.20553136929227,1.9454096,0.185027717768747,1.542147,0.0929550277212947,2.3200112,0.314517459594782,5.0008993,0.369590732420801,1.1903365,0.0411163007557019,15.940127,1.53208385226752,0.204131456,0.0952300186179882,0.80176218,0.0192262196541771,0.57249377,0.0417233406970793,0.76760423,0.0389201221648205,0.99378975,0.00234029789426238,1.5632735,0.0798771580146665,1.4788222,0.0471695050849122,28.886229,2.12304548126532,1.6969034,0.252402473198043,0.0326135258038997,0,0.8
103,3,0.00182412854030501,0.000125855856544913,65,"Asteraceae","annual","yes","native","Forb","UROLIN",2.092575,4.143525,1.98029835887129,0.197171386953922,0.0447884936860648,0.0890188873638618,4,1311.4,64.24,20.4140722291407,2.959,1,0,0,"no","elong_short",0.6979545,0.145536186480251,12.0424825,0.746708718190319,NA,NA,0.6979545,0.145536186480251,3.647232625,0.416211619927012,24.40624875,1.51176083576582,1.127775375,0.0293991103701043,13.35088,1.18283180857273,1.76554375,0.481049116568227,0.483914475,0.11321662276469,NA,NA,0.02946662125,0.00261837921284161,0.7057840875,0.138073834984376,2.165115,0.216761338703588,1.322174,0.0700930939842558,14.49588375,0.717316549149627,NA,NA,0.205705343337396,0,7.1
8,3,0.0311722222222222,0.00197514650183314,67,"Fabaceae","annual","yes","invasive","N-fixer","VICVIL",44.17595,49.8059,1.12687927763481,6.15720804044603,5.01752494994627,0.0282681379025753,4,1237.5,88.89,13.9217009787378,3.152,1,0,0,"yes","coarse",3.3767704,0.411910942964671,4.3383964,0.547324347085224,4.2940818,0.527841704263861,4.0370574,0.471047226007046,13.8503527,3.29359784414039,12.000385,1.38487230322069,1.2435713,0.0806480152005546,4.058337,0.750032399266562,0.10652205,0.0249460512406442,0.81529379,0.0126833995032396,0.78455701,0.0884026464054788,0.93166039,0.0372616916723224,0.99716154,0.00204612801771759,1.47589,0.0926483687558022,1.4285471,0.0967880128717165,20.182764,4.92672679588521,11.1206962,2.36241907004535,0.0109056144086614,0,8
31,4,0.00500347222222222,0.00120383341537578,68,"VIOLACEAE","perennial","no","native","Forb","VIODOU",4.79637777777778,7.27197777777778,1.51669071068664,0.0714208289983724,0.130644969853983,0.0320576320464103,3,1747.95,148.67,11.7572475953454,3.347,1,0,0,"yes","smooth",1.8479175,0.141760511151927,3.6515207,0.364350945273936,3.6648149,0.324335078046849,1.9852929,0.114037622976367,5.3748692,0.766967781666479,8.3976109,0.626092832351464,1.3074117,0.0380987292732098,38.127236,1.45226507896534,1.08106285,0.416307966206611,0.76837513,0.0156710894658533,0.49195489,0.0532187909020332,0.53299939,0.0500481844815452,0.98702186,0.00397578655200593,1.6989309,0.129902064188928,1.4421806,0.0817238093787714,25.5723,1.24929175926024,4.950496,0.780979675412164,0.0529643099062228,0,4
99,5,0.000852009022556391,0.000205135072739528,69,"Poaceae","annual","no","native","Grass","VULMIC",0.820125,1.510075,1.83793055465936,0.169074606313308,0.0655256374762327,0.069799162680771,4,1385.49,84.31,16.4332819357134,3.126,1,1,0,"no","elong_long",0.664718566666667,0.0913568215812043,9.62118588888889,2.23299353716756,8.62656933333333,1.20467127112731,1.08324506666667,0.217221726849641,4.39559666666667,1.09590360352177,18.9370944444444,4.61306560372577,1.24243166666667,0.0589524575187498,37.7330844444444,1.28429829008988,0.207125355555556,0.112576867030178,0.456596411111111,0.0866502497563545,0.05902704,0.00785785984314272,0.09168017,0.0211362542419914,0.742833644444444,0.14756669151261,5.98282844444444,1.6962202346502,2.15851022222222,0.80884557751832,16.8001355555556,1.41709406164615,2.98538411111111,0.652948846098882,0.19062819918567,0,1.2
420,5,0.000575359754907798,0.000147814123361154,70,"Poaceae","annual","no","invasive","Grass","VULMYU",0.432605555555556,0.610138888888889,1.41280134703873,0.0426378128709688,0.0244626270759457,0.10924453731229,4,1343.13,74.56,18.0140826180258,3.026,1,1,0,"no","elong_long",NA,NA,NA,NA,NA,NA,NA,NA,NA,NA,NA,NA,NA,NA,NA,NA,NA,NA,NA,NA,NA,NA,NA,NA,NA,NA,NA,NA,NA,NA,NA,NA,NA,NA,NA,NA,2
66,5,0.006821,0.00165107608008299,71,"MELANTHIACEAE","perennial","no","native","Forb","ZIGFRE",0.113577759197324,0.329194736422997,2.92255782158072,0.110565821475828,0.0294955242171224,0.265777961127357,3,1790.88,82.02,21.8346744696416,3.27,1,1,0,"yes","coarse",0.58495235,0.0686518214366968,1.02366662,0.0989802285978119,NA,NA,0.58495235,0.0686518214366968,0.44577833,0.0702888600776357,2.4572429,0.222665594110416,1.07857,0.0625777947376082,10.4153802,1.87311118006705,0.45862807,0.340100302098004,0.84320458,0.0466604395986531,NA,NA,0.51748376,0.0620590489280295,0.96966174,0.00818502769237153,1.220733,0.0999901149892106,1.1442064,0.101401338561404,13.997829,2.63526680519133,NA,NA,0.0458173951867573,0,0.7
61,2,0.00069551282051282,0.000300067108426599,54,"Asteraceae","annual","yes","native","Forb","RIGLEP",0.7238,1.24375,1.7217444946248,0.121116706802434,0.0755350249884118,0.11033571061528,4,1534.22,102.5,14.968,3.244,1,0,0,"no","elong_short",0.62926691,0.144428945361843,5.3487687,0.36185708142766,NA,NA,0.62926691,0.144428945361843,2.0327098,0.39863247936687,10.9058157,0.709862563197514,1.2634334,0.0677042570320853,NA,NA,NA,NA,NA,NA,NA,NA,0.08919609,0.0143132046267253,0.90467484,0.0530658160776303,1.525992,0.188542181474951,1.4129774,0.129325202687042,12.4475387,1.6085529417845,NA,NA,0.179505174671448,0,1.8
36,5,0.00530466666666667,0.00104758876579611,55,"Malvaceae","annual","yes","native","Forb","SIDDIP",4.93715,21.7163,4.3413889583529,9.02293889853337,0.269778458492643,1.5690568062709,4,1438.52,90.41,15.9110717840947,3.296,1,0,1,"yes","balloon",2.1403938,0.144806154938862,2.8272697,0.0997488558275231,NA,NA,2.2068658,0.144428966498953,4.5304431,0.37891183482718,7.280884,0.202321457850839,1.3800815,0.0646823355729109,20.92946,1.41575144126518,0.4222893,0.118963746586354,0.78260476,0.0135784709922403,NA,NA,0.74772607,0.0547922627271619,0.98161251,0.00764007843349065,1.6816714,0.124191846730237,1.4107539,0.049518223297534,26.36955,1.78249659798335,NA,NA,0.0141581766228091,0,1
NA,NA,NA,NA,4,"Asteraceae","annual","yes","native","Forb","ANCFIL",0.364233333333333,0.642062222222222,1.75879567767535,0.11946613616987,0.0569741071793924,0.11605678478973,5,1576.84,181.65,8.68064960088081,3.173,1,0,0,"yes","smooth",0.68687584,0.0760410765809609,2.2467486,0.219146795977897,2.2112972,0.193106248533921,1.08570697,0.185968737668292,1.57043591,0.325089999642002,4.9299958,0.568487863353261,0.99257128,0.0851019068754344,11.898513,0.520434369670609,0.30288033,0.125121311903378,0.69586934,0.0244854019137118,0.26187066,0.0142573818830964,0.43434427,0.0267884159351285,0.96188142,0.0169058233567806,2.2723168,0.157581177441131,1.6663307,0.144460553980855,9.0241383,1.55074890784335,1.0627984,0.160459062631446,0.0908981674373994,0,2.2
NA,NA,NA,NA,5,"Brassicaceae","annual","yes","native","Forb","ATHPUS",0.35224,0.6847,1.94383595778878,0.121090049136996,0.0542243764371708,0.1416306794967,5,1353.72,76.1,17.7886990801577,3.004,1,0,0,"no","balloon",0.677379880952381,0.151022884690796,3.02816233333333,0.485913645068373,NA,NA,2.2157284952381,0.391124733812464,4.66164233333333,1.18793270195901,7.36676976190476,1.16249999897557,1.36723033333333,0.0853191060954892,35.7810395238095,4.48337862390795,0.203849686666667,0.0926467785126463,0.762167861904762,0.0567424257228264,NA,NA,0.776757785714286,0.14223063431731,0.988873509523809,0.015847281394577,2.11789033333333,1.27445998334319,1.7534459047619,0.483167642806501,22.0536780952381,4.65859237900744,NA,NA,0.112500573347027,0,1.4
NA,NA,NA,NA,9,"Poaceae","annual","yes","invasive","Grass","BROMAD",1.35485333333333,2.39424666666667,1.76549088581139,0.238849912892781,0.0968803775568384,0.0876345489646119,5,1263.885,83.545,15.1281943862589,2.999,2,1,0,"no","elong_long",0.73119043,0.122256089353955,9.8378342,0.341985223179404,9.8068144,0.388605665141756,0.93060596,0.0753202321171145,6.357938,0.475707348366152,19.844064,0.728851508458494,1.04801281,0.0765639405919356,24.772517,2.29870392217997,1.6623597,0.332399832526716,0.73446217,0.0424749089255985,0.044697673,0.010741699235149,0.082579535,0.00881368080432189,0.97034335,0.0171945572003501,1.6276247,0.0895456800770174,1.4216159,0.102905658597734,18.308131,2.49676687367862,3.8158233,0.7617106073073,0.192811177830355,0,1.1
NA,NA,NA,NA,12,"Orobanchaceae","annual","yes","native","Forb","CASATT",0.167055,0.257918333333333,1.57459948806141,0.113089749326709,0.0814808407950401,0.166296469608688,5,1481.02,108.49,13.6512120932805,2.526,1,0,0,"yes","other",0.9350374,0.166401058895936,1.3161426,0.114515000965133,NA,NA,0.9350374,0.166401058895936,0.77137323,0.152504318633277,3.2061593,0.385201314257609,1.08541226,0.0892619901050236,13.748108,1.49383213454376,0.33230081,0.130547780625941,0.72807743,0.0430283457167494,NA,NA,0.6172721,0.117622226023864,0.93783108,0.0245791936349877,1.9132335,0.533119734805575,1.5601593,0.497280541814298,13.6077179,2.06351994502643,NA,NA,0.0301118150033316,0,1.15
NA,NA,NA,NA,14,"Asteraceae","annual","no","native","Forb","CENTRI",0.0376137927170868,0.0472268963585434,1.26613182340198,0.0282002108428345,0.023555359169263,0.148218754933773,5,1860.21,161.72,11.5026589166461,3.432,1,0,0,"yes","coarse",0.37224239,0.0520158891030306,0.49632319,0.0686518443877099,NA,NA,0.37224239,0.0520158891030306,0.138053818,0.0345889546357041,1.1942777,0.162972933816938,0.81877373,0.0830055524110559,10.4924025,0.955160851788064,0.09161803,0.0438450628899657,0.93903345,0.0689857459922982,NA,NA,0.73533171,0.0810017843217111,0.98924919,0.00945804821261295,1.5152823,0.17640587698578,1.4067144,0.173876421076835,12.6450307,2.05197073396458,NA,NA,0.0197124473467112,0,0.75
NA,NA,NA,NA,23,"Onagraceae","annual","yes","native","Forb","EPIBRA",0.953675,3.08085,3.24955467164069,0.386815317690497,0.0956176195408913,0.4522397723164,4,1587.51,132.08,12.0193064809207,2.938,1,0,1,"no","elong_long",0.94833185,0.0758975034016454,2.4683216,0.118264466948915,2.4461643,0.130123651678829,1.3028486,0.0560538837809954,2.3206004,0.171738421345565,5.6257347,0.348690769392547,1.1653161,0.03003681501628,11.1111555,1.23189285311825,0.34863844,0.173898988531415,0.76246537,0.0209560956807878,0.35140695,0.0281851228941105,0.51023512,0.0280818576061643,0.97973164,0.00636807847229705,1.8178003,0.143739504809569,1.4620024,0.108055480709577,11.5340563,1.48118015329894,1.5938046,0.142518738244953,0.0718922368788964,0,1.1
NA,NA,NA,NA,25,"Asteraceae","perennial","no","native","Forb","ERILAN",0.174602777777778,0.883647222222222,6.48264337488122,1.06405093237943,0.0479296632937974,9.23829919261776,4,1672.61,118.3,14.1387151310228,3.055,1,0,0,"no","elong_short",0.71346458,0.131209039108472,2.6588743,0.23355806985894,NA,NA,0.71346458,0.131209039108472,1.19358635,0.124186051257791,5.6501077,0.482511115872428,1.1842537,0.0797620234782471,12.0670282,2.15030416096916,1.27721532,1.18935468015306,0.6965307,0.0682262194434075,NA,NA,0.19987556,0.0361636064254045,0.87589565,0.0638921885170332,1.3810028,0.100380437092316,1.1713199,0.05889716598813,9.1655385,1.77581260273038,NA,NA,0.124306937339838,0,6.2
NA,NA,NA,NA,26,"Euphorbiaceae","annual","yes","native","Forb","EUPCRE",0.7176,1.3522,1.88433667781494,NA,NA,NA,1,1713.71,106.9,16.0309635173059,3.445,1,0,0,"yes","coarse",1.3294372,0.0700673766863011,1.8966638,0.037076230508238,NA,NA,1.4978324,0.0577791923905137,2.0992822,0.058238846375937,4.6884814,0.0485439427972224,1.1113132,0.0317950839863649,14.3416118,7.72945972919856,0.380006178,0.513973293325996,0.79193708,0.0164334949781536,NA,NA,0.78649346,0.0508069218810587,0.9960649,0.00123409113925995,1.6582522,0.0549339973031273,1.5638046,0.037865045283216,17.412128,2.32982420764314,NA,NA,0.0177933811316605,0,2.9
NA,NA,NA,NA,27,"Asteraceae","annual","no","native","Forb","FILCAL",0.0292324637681159,0.038965652173913,1.46050278856657,0.00496461101909188,0.00879642001992752,0.382255678213173,4,1604.18,163.42,9.81630155427732,3.185,1,0,0,"yes","smooth",0.24816156,0.0309850297220807,0.67358149,0.0503099866072875,0.6514242,0.0554670265363526,0.34122222,0.0214059854652229,0.15631697,0.0239477670945678,1.4956167,0.0602290247639053,1.0504872,0.281670336231012,20.89815,1.62176755298381,0.50188432,0.951884425795941,0.84412825,0.0953105979752543,0.3042481,0.0394501777528456,0.43486948,0.0545080963243647,0.95432226,0.0642806400345513,1.397896,0.174618980746971,1.25266055,0.195229639714427,6.3369982,2.96335046500079,0.115273966,0.0120718918520671,0.0770205754253072,0,0.416666666666667
NA,NA,NA,NA,39,"Brassicaceae","annual","yes","native","Forb","LEPNIT",1.038625,17.772625,17.0488221085113,6.41881600628185,0.027500712111992,5.95570494257367,4,1502.28,123.3,12.1839416058394,3.286,1,0,1,"yes","smooth",0.77993644,0.0699115797110925,2.0163131,0.0522252569430411,2.0207447,0.0787198864540876,1.2053563,0.0583430203519572,1.8294586,0.123293753060819,4.7261489,0.140543202032092,1.01682315,0.0802428239944406,20.332375,3.30985336218741,0.63310104,0.337481650279666,0.8004082,0.0153181483960112,0.36916409,0.0261102703308892,0.56348669,0.0294160144524656,0.98770284,0.00437061949262726,1.4927504,0.0689723854132942,1.3150711,0.0454419246571318,36.71833,2.69807803204429,1.1890695,0.119244822366284,0.0675770111232029,0,3
NA,NA,NA,NA,45,"Asteraceae","annual","yes","native","Forb","MICCAL",0.745175,1.426975,1.91554381952997,0.155505291978548,0.0768721611941974,0.0782481113226096,4,1248.05,56.34,22.1521121760738,2.845,1,0,0,"no","elong_long",0.98378355,0.185440056565495,2.5658136,0.226394960829373,2.5746767,0.262126861853844,1.6839538,0.147715300000297,2.8926496,0.426077815829769,6.1331366,0.549214662042529,-0.8205739,1.18168789903825,37.932685,7.98168571319541,1.69248462,0.718057286921299,0.71686143,0.0258694494078354,0.33674362,0.0532759297567297,0.61925774,0.0486500129824397,0.96387469,0.011641358422018,1.9130545,0.207359732592233,1.4882769,0.157390303649134,12.5580236,4.47694553944448,1.7485508,0.411313075700196,0.0683423714286345,0,5.3
NA,NA,NA,NA,50,"Polemoniaceae","annual","no","native","Forb","NAVJEP",0.670225,1.43375,2.15904736825206,0.115718350604676,0.100471965409926,0.178204196333861,4,1544.87,116.66,13.2424995714041,3.261,1,0,0,"no","balloon",0.94390033,0.0754649564221411,2.1847085,0.143291234416136,NA,NA,0.94390033,0.0754649564221411,1.4268834,0.204550233577748,4.5754794,0.326689408043515,1.3532809,0.0450698017535023,37.832402,2.29169094975159,0.80341907,0.393973130405869,0.73873037,0.0367587710653616,NA,NA,0.42212525,0.0265389850960285,0.98666127,0.00673307643966212,1.7746638,0.184386689082,1.6253748,0.177228706040654,10.6727729,1.48169705093889,NA,NA,0.07445128279767,0,2.8
NA,NA,NA,NA,56,"Caryophyllaceae","annual","no","native","Forb","SILGAL",0.264463888888889,0.354978333333333,1.33944124390804,0.0445325993889121,0.012822045288111,0.108748470634818,3,1353.72,82.78,16.3532254167673,2.895,1,1,0,"yes","coarse",0.6735815,0.0619700228947657,0.90401724,0.0814445537875813,0.89072285,0.0967506281113605,0.66471857,0.0886291555555576,0.47071834,0.0884309770091052,2.3929869,0.191460766766951,0.89095135,0.169473229546945,9.9715766,0.612080357153499,0.051207103,0.0287554158010866,0.88186914,0.061536207325628,0.65260244,0.0828765563429021,0.69755433,0.0447722262821259,0.97101484,0.00795081259986815,1.216232,0.0896940218595048,1.1522246,0.0804163416037644,6.4519313,1.13276864068461,0.43674494,0.0969028688422266,0.0172385670557757,0,1.8
NA,NA,NA,NA,62,"Fabaceae","annual","yes","invasive","N-fixer","TRIHIR",2.65935,2.924675,1.09752068982913,0.383616504467678,0.18382719240272,0.0941005554864748,4,1300.83,101,12.879504950495,3.134,1,0,0,"no","balloon",1.3250056,0.126121338547184,2.0118817,0.108949535195633,1.9719986,0.127498189507146,1.5421471,0.139823242529393,2.292911,0.298589747077454,4.9056229,0.326012484858905,1.3657118,0.0172630091930695,32.910379,2.51178908532654,0.184193979,0.110918373626608,0.79122663,0.0146600922956053,0.6598044,0.0545765292627395,0.75677218,0.0465216806519235,0.99692689,0.0018592646685361,1.5959778,0.0566732161446461,1.5213064,0.0408098368348722,35.640469,2.27713782808083,2.0173923,0.272656975757717,0.0221950011295135,0,5.1
NA,NA,NA,NA,66,"Caryophyllaceae","annual","no","invasive","Forb","VELRIG",0.166146111111111,0.238987222222222,1.43889394825624,0.00495716777461475,0.00546966324826152,0.0219683576994551,4,1121.73,86.61,12.9515067544164,2.786,1,0,0,"yes","coarse",0.54063778,0.0457678768935593,1.542147,0.0686518572978506,NA,NA,0.54063778,0.0457678768935593,0.63803251,0.076025641920962,3.3213771,0.150078341350591,1.07893747,0.0663691904698767,8.0841766,0.714023195902268,0.087415251,0.0838235031715098,0.8576151,0.0377038045853613,NA,NA,0.32838816,0.0236635039849319,0.97551632,0.00770842371735117,1.3156052,0.1133574514512,1.1789032,0.123828525166233,4.7891245,0.466066664241465,NA,NA,0.0973847171370818,0,1.2
NA,NA,NA,NA,133,"Poaceae","annual","yes","invasive","Grass","GASVEN",NA,NA,NA,NA,NA,NA,NA,1617.64,101.64,15.9153876426604,3.803,1,NA,NA,NA,NA,NA,NA,NA,NA,NA,NA,NA,NA,NA,NA,NA,NA,NA,NA,NA,NA,NA,NA,NA,NA,NA,NA,NA,NA,NA,NA,NA,NA,NA,NA,NA,NA,NA,NA,NA,NA,NA
NA,NA,NA,NA,150,"Polemoniaceae","annual","yes","native","Forb","NAVPUB",NA,NA,NA,NA,NA,NA,NA,2085.16,179.06,11.6450351837373,3.986,1,NA,NA,NA,NA,NA,NA,NA,NA,NA,NA,NA,NA,NA,NA,NA,NA,NA,NA,NA,NA,NA,NA,NA,NA,NA,NA,NA,NA,NA,NA,NA,NA,NA,NA,NA,NA,NA,NA,NA,NA,NA
NA,NA,NA,NA,106,"Fabaceae","annual","yes","native","N-fixer","ASTGAM",NA,NA,NA,NA,NA,NA,NA,1594.15,198.51,8.0305778046446,3.709,1,NA,NA,NA,NA,NA,NA,NA,NA,NA,NA,NA,NA,NA,NA,NA,NA,NA,NA,NA,NA,NA,NA,NA,NA,NA,NA,NA,NA,NA,NA,NA,NA,NA,NA,NA,NA,NA,NA,NA,NA,NA
NA,NA,NA,NA,142,"Fabaceae","annual","no","native","N-fixer","LOTWRA",NA,NA,NA,NA,NA,NA,NA,1479.61,179.43,8.24616842222594,3.393,1,NA,NA,NA,NA,NA,NA,NA,NA,NA,NA,NA,NA,NA,NA,NA,NA,NA,NA,NA,NA,NA,NA,NA,NA,NA,NA,NA,NA,NA,NA,NA,NA,NA,NA,NA,NA,NA,NA,NA,NA,NA
NA,NA,NA,NA,170,"Asteraceae",NA,NA,NA,"Forb","CENMEL",NA,NA,NA,NA,NA,NA,NA,2030.2,116.92,17.3640095791995,3.77,1,NA,NA,NA,NA,NA,NA,NA,NA,NA,NA,NA,NA,NA,NA,NA,NA,NA,NA,NA,NA,NA,NA,NA,NA,NA,NA,NA,NA,NA,NA,NA,NA,NA,NA,NA,NA,NA,NA,NA,NA,NA
NA,NA,NA,NA,144,"Fabaceae","annual","yes","native","N-fixer","LUPMIC",NA,NA,NA,NA,NA,NA,NA,1485.19,236.12,6.28997967135355,3.302,1,NA,NA,NA,NA,NA,NA,NA,NA,NA,NA,NA,NA,NA,NA,NA,NA,NA,NA,NA,NA,NA,NA,NA,NA,NA,NA,NA,NA,NA,NA,NA,NA,NA,NA,NA,NA,NA,NA,NA,NA,NA
NA,NA,NA,NA,180,"Brassicaceae",NA,NA,"invasive","Forb","BRANIG",NA,NA,NA,NA,NA,NA,NA,1782.38,154.49,11.5371868729368,3.314,1,NA,NA,NA,NA,NA,NA,NA,NA,NA,NA,NA,NA,NA,NA,NA,NA,NA,NA,NA,NA,NA,NA,NA,NA,NA,NA,NA,NA,NA,NA,NA,NA,NA,NA,NA,NA,NA,NA,NA,NA,NA
NA,NA,NA,NA,101,"Asteraceae","annual","yes","native","Forb","ACHMOL",NA,NA,NA,NA,NA,NA,NA,1427.91,103.25,13.8296368038741,2.912,1,NA,NA,NA,NA,NA,NA,NA,NA,NA,NA,NA,NA,NA,NA,NA,NA,NA,NA,NA,NA,NA,NA,NA,NA,NA,NA,NA,NA,NA,NA,NA,NA,NA,NA,NA,NA,NA,NA,NA,NA,NA
NA,NA,NA,NA,128,"Onagraceae","annual",NA,"native","Forb","EPIMIN",NA,NA,NA,NA,NA,NA,NA,1512.92,124.77,12.1256712350725,2.944,1,NA,NA,NA,NA,NA,NA,NA,NA,NA,NA,NA,NA,NA,NA,NA,NA,NA,NA,NA,NA,NA,NA,NA,NA,NA,NA,NA,NA,NA,NA,NA,NA,NA,NA,NA,NA,NA,NA,NA,NA,NA
NA,NA,NA,NA,146,"Poaceae","perennial","no","native","Grass","MELCAL",NA,NA,NA,NA,NA,NA,NA,1237.5,77.18,16.0339466182949,2.898,1,NA,NA,NA,NA,NA,NA,NA,NA,NA,NA,NA,NA,NA,NA,NA,NA,NA,NA,NA,NA,NA,NA,NA,NA,NA,NA,NA,NA,NA,NA,NA,NA,NA,NA,NA,NA,NA,NA,NA,NA,NA
NA,NA,NA,NA,154,"Poaceae","annual","yes","native","Grass","POASEC",NA,NA,NA,NA,NA,NA,NA,1396.09,121.09,11.529358328516,3.09,1,NA,NA,NA,NA,NA,NA,NA,NA,NA,NA,NA,NA,NA,NA,NA,NA,NA,NA,NA,NA,NA,NA,NA,NA,NA,NA,NA,NA,NA,NA,NA,NA,NA,NA,NA,NA,NA,NA,NA,NA,NA
NA,NA,NA,NA,158,"Ranunculaceae","perennial","no","native","Forb","RANOCC",NA,NA,NA,NA,NA,NA,NA,1470.39,65.65,22.3974105102818,3.205,1,NA,NA,NA,NA,NA,NA,NA,NA,NA,NA,NA,NA,NA,NA,NA,NA,NA,NA,NA,NA,NA,NA,NA,NA,NA,NA,NA,NA,NA,NA,NA,NA,NA,NA,NA,NA,NA,NA,NA,NA,NA
