"","Line","habitat","watering","fertilization","WFtreatment","Plot","origin","SCT_CWM","Mass_CWM","SCP_CWM","Carbon_CWM","CN_CWM","Length_CWM","Starch_CWM","Shape_CWM","Disp_CWM","Texture_CWM","Compact_CWM","PC1_CWM","PC2_CWM","PC3_CWM","PC4_CWM","PC5_CWM","PC6_CWM","PC7_CWM","PC8_CWM","PC9_CWM","PC10_CWM","PC11_CWM","WFtreatment_order"
"1","2","Harsh","none","fertilized","N","38","Native",0.460277130749834,-0.186618687731324,0.281527212049203,0.142346128998309,5.24386681772675,0.316280718806974,0,-0.744792500476469,0.210526315789474,-0.479212178752411,0.850008852800198,0.0396755834502731,-0.151997836530828,-0.0371782893472844,0.285775303689834,0.0603032364102747,-0.217257008347111,0.183878187504016,0.00596143782773913,-0.223656077748679,-0.146294748206136,-0.11569822937545,"N"
"2","2","Harsh","none","fertilized","N","38","Non-Native",0.687091987053902,0.220456610298101,-0.2062121828783,0.287392570943558,10.6849897966758,1.57276434364783,0.684210526315789,-1.13461646495597,0.684210526315789,0.401682874305905,1.79775335411889,-1.92137997341771,-0.412895925061865,0.518834771304968,-0.289191448767625,-0.420749884398935,-0.756887828036927,-0.987553347181866,-0.0631886169628094,-0.0507224582008517,-0.0470740771957194,-0.306422706695965,"N"
"3","2","Harsh","none","fertilized","N","38",NA,0,0,0,0,0,0,0,0,0,0,0,0,0,0,0,0,0,0,0,0,0,0,"N"
"4","2","Harsh","none","fertilized","N","40","Native",1.14975334957092,0.141987926759095,0.985833924350485,0.27844769798017,10.3421950012649,0.626203002116906,0.0416666666666667,-1.61278011550639,0.375,-1.04924696206477,1.67050927257196,-0.0306856412597502,-0.0419251480605568,-0.397029335855388,0.810271181127901,-0.070176465539269,-0.578861138921985,0.681204355122139,-0.221710297581591,-0.402148905731415,-0.0802691742456246,-0.0789664192410643,"N"
"5","2","Harsh","none","fertilized","N","40","Non-Native",0.21915071631444,0.167368250334413,-0.227131804501027,0.155826530730658,7.48047771961902,0.883310004042653,0.354166666666667,-0.671771458226206,0.395833333333333,0.430276361178717,0.946948407843965,-1.25178201197901,-0.373785552403771,0.479811113394504,-0.125808003623672,-0.236627532765612,-0.108425653191418,-0.561822921528618,-0.0661893865429721,0.2838388878978,-0.198305263806805,-0.130555546361034,"N"
"6","2","Harsh","none","fertilized","N","40",NA,0,0,0,0,0,0,0,0,0,0,0,0,0,0,0,0,0,0,0,0,0,0,"N"
"7","2","Harsh","none","fertilized","N","44","Native",1.16171914006814,0.0122604531378625,1.7709450630588,0.30506966059296,8.47731424514624,0.488244981895722,0,-1.7868691945547,0.03125,-0.409714908835721,1.79675291622791,0.291160469877295,-0.427375637265499,-0.703778372600488,1.4350577575698,-0.284126917677718,-0.943562045427808,0.123331444286572,-0.86642121560812,-0.446449106571611,-0.100981388458866,0.0735781938921836,"N"
"8","2","Harsh","none","fertilized","N","44","Non-Native",0.271100714535059,0.180133244357722,-0.213682413426647,0.13659822925455,6.90776896087044,0.738190076566552,0.325,-0.60306333018126,0.4125,0.390810246277758,0.849431760219337,-1.13255955303503,-0.224297167320802,0.436870725523317,-0.0419971405991539,-0.197872760711113,-0.0525069359049887,-0.479100559013826,0.00197607860191115,0.150125984277979,-0.0803751531269209,-0.0808154278011828,"N"
"9","2","Harsh","none","fertilized","N","44",NA,0,0,0,0,0,0,0,0,0,0,0,0,0,0,0,0,0,0,0,0,0,0,"N"
"10","2","Harsh","none","none","C","16","Native",0.552332798127198,-2.62074995973949,-0.764302875251088,0.393451547793675,8.02219791206642,-0.241387645583374,0.00628930817610063,-2.01581601978,0.0251572327044025,-0.565233300730366,2.03736130029418,1.88172509847966,-1.54218941206542,0.658571360921986,-0.544277251362691,0.06541406132758,0.425595346005308,-0.992430854478975,-0.297521160664563,-0.517764784576273,-0.402891948186586,0.1422023950657,"C"
"11","2","Harsh","none","none","C","16","Non-Native",0.316565414253083,0.231192701498637,-0.144953273731096,0.0894324518805891,4.12495112569444,0.47669591431563,0.213836477987421,-0.382466243209512,0.213836477987421,0.0234885003097761,0.56665515786319,-0.629698942389487,0.0710873395608715,0.122414058757515,-0.0730117870553325,-0.183790671807564,-0.137191563865884,-0.181516914806073,0.0870682447945453,-0.0432792101263231,-0.00865731638829746,-0.0550676707901849,"C"
"12","2","Harsh","none","none","C","16",NA,0,0,0,0,0,0,0,0,0,0,0,0,0,0,0,0,0,0,0,0,0,0,"C"
"13","2","Harsh","none","none","C","20","Native",0.820101934427599,-1.44211894314267,-0.430263497395682,0.356885866797583,6.52493598731387,0.234022817429447,0,-1.7602016676622,0,-0.708860536304102,1.8633806147458,1.23984311378014,-0.900367800638968,-0.124627547282101,-0.454498404272857,0.00971868899215312,-0.0486849876552239,-0.678049519241978,-0.2282883219401,-0.417124962015983,-0.328258178665275,0.0349348773437898,"C"
"14","2","Harsh","none","none","C","20","Non-Native",0.588319979173714,0.485984192704415,-0.290241452584288,0.120262618409231,6.8799980892811,0.545058791497823,0.285714285714286,-0.574683830510688,0.428571428571429,-0.0153059448662443,0.77122974915685,-0.907758612838616,0.357509103277743,0.175604373540593,0.0385033399279766,-0.220262980097185,0.0377070665422761,-0.0947678550585081,0.316362305720638,-0.144630393868512,0.144435076491219,0.0347899047175412,"C"
"15","2","Harsh","none","none","C","20",NA,0,0,0,0,0,0,0,0,0,0,0,0,0,0,0,0,0,0,0,0,0,0,"C"
"16","2","Harsh","none","none","C","42","Native",1.73590129555697,0.374355773684328,1.57414529925928,0.349421978840897,12.8116486994165,0.724907627487201,0,-2.08687399328332,0.317073170731707,-1.6828341205626,2.10405544470505,0.198382975177578,0.23884169279213,-0.904783933929405,1.23407698268998,-0.249896077081943,-0.861482559478179,1.24754857365068,-0.308126150098791,-0.710299547893914,-0.0299358430432921,-0.0881300254544963,"C"
"17","2","Harsh","none","none","C","42","Non-Native",0.20194500217453,0.0784040650167049,-0.0812222191996402,0.0916223063774901,3.63049530993364,0.509732685609995,0.219512195121951,-0.369089731491111,0.219512195121951,0.16155857415771,0.572052962290441,-0.648540437103522,-0.147707864695635,0.192673074680802,-0.0894510139612665,-0.141131635487922,-0.205414959486694,-0.324160833563705,-0.0291142980939972,0.0197499868780768,-0.0373703232222911,-0.0946110512277438,"C"
"18","2","Harsh","none","none","C","42",NA,0,0,0,0,0,0,0,0,0,0,0,0,0,0,0,0,0,0,0,0,0,0,"C"
"19","2","Harsh","watered","fertilized","WN","19","Native",0.0690147053564385,-0.0449356034489618,-0.0584209340236392,0.0241961777325771,0.730670376005524,0.0400543233928737,0.0135135135135135,-0.150013721565774,0.0405405405405405,-0.0845315224863236,0.137069342496489,0.0195747730119514,-0.0195878075182635,0.0221841152652642,-0.060093737182914,0.0139498403961584,0.0169253750738049,0.00814089861136822,-0.0171796030525185,-0.00719290957252851,-0.00667205636904701,0.00118964053185695,"WN"
"20","2","Harsh","watered","fertilized","WN","19","Non-Native",1.42166322170684,0.754799018102521,-0.7211256165919,0.393031212265558,22.7747550659327,1.63715968308374,0.945945945945946,-1.8599012738318,1.85135135135135,1.02519913108497,2.53604817485669,-3.26017887330497,0.199964159030579,1.33720814245415,0.548939807914055,-0.275372528753407,0.329533219395884,-1.0473662559174,0.728282861000207,-0.345621523832996,0.640673084746478,0.127365220971815,"WN"
"21","2","Harsh","watered","fertilized","WN","19",NA,0,0,0,0,0,0,0,0,0,0,0,0,0,0,0,0,0,0,0,0,0,0,"WN"
"22","2","Harsh","watered","fertilized","WN","37","Native",0.512007776576612,-0.268744939574486,0.179620316944958,0.165233106136578,6.43356735320577,0.39096587560001,0,-0.840485416019563,0.297297297297297,-0.633480524750461,0.989789342703749,0.0200619727030105,-0.163935319157314,0.035587991163076,0.228089548554323,0.122184764993306,-0.191920119796705,0.247008954572075,0.117509887068372,-0.263652844141296,-0.196576652930385,-0.174733638756475,"WN"
"23","2","Harsh","watered","fertilized","WN","37","Non-Native",0.940605888608125,0.485658190854504,-0.460855852335106,0.263142232519532,14.8641503451802,1.11181302569516,0.632432432432432,-1.23115275509348,1.20540540540541,0.656289057420456,1.69550027126852,-2.14596344396546,0.111897902592377,0.8619700995092,0.33184443249617,-0.192733731694798,0.157022892741548,-0.708835379556811,0.461099164274946,-0.234825523180898,0.411520705665517,0.0640666258782005,"WN"
"24","2","Harsh","watered","fertilized","WN","37",NA,0,0,0,0,0,0,0,0,0,0,0,0,0,0,0,0,0,0,0,0,0,0,"WN"
"25","2","Harsh","watered","fertilized","WN","39","Native",0.168575152752777,-0.092268345930431,-0.0356326809811347,0.0572143558403839,2.2043903480667,0.139469378806291,0,-0.297250646877035,0.127906976744186,-0.201846799974905,0.343322736039533,-0.00816307183660407,-0.036925979384439,0.0396605335374576,0.0170427316050227,0.080075198258886,-0.0216939068437426,0.0455090675415107,0.0613958067808156,-0.0802636629761758,-0.0666891218117696,-0.0578264164271209,"WN"
"26","2","Harsh","watered","fertilized","WN","39","Non-Native",1.06621800185997,0.475645161722706,-0.455349488245419,0.364190250884994,17.114288129415,1.77958971124112,0.872093023255814,-1.57221592132784,1.25581395348837,0.727862053505936,2.31043784631631,-2.72133583454274,-0.207407103408666,0.937458008407336,0.035196850223094,-0.409608765002664,-0.362412871770136,-1.1277316625246,0.260608907800135,-0.162953548448606,0.227697967995562,-0.155149071596605,"WN"
"27","2","Harsh","watered","fertilized","WN","39",NA,0,0,0,0,0,0,0,0,0,0,0,0,0,0,0,0,0,0,0,0,0,0,"WN"
"28","2","Harsh","watered","none","W","15","Native",0.147173367155882,-0.805404394480694,-0.250740340132216,0.114836119309262,2.23811675437523,-0.0900933554076831,0,-0.584519650927799,0,-0.157179922293065,0.592095470106961,0.58540714845446,-0.463797760243325,0.211316871449174,-0.175619684067934,0.0247260429813079,0.134133619420418,-0.317906963361059,-0.0804991371333309,-0.15907778373961,-0.121261334832532,0.0442160893758077,"W"
"29","2","Harsh","watered","none","W","15","Non-Native",0.843675488562659,-1.30792344010171,-0.627856050354202,0.300543492260947,10.7410847989097,0.345710504542342,0.092,-1.84590272698091,0.176,-1.75753552890874,2.03272013944426,0.718594836162692,-0.223978701678585,0.833526395618798,-0.737180893010344,0.160875627277577,-0.112825823755282,0.46610273352635,-0.473205408545525,-0.955551402877852,-0.865129097689842,-0.246122148541841,"W"
"30","2","Harsh","watered","none","W","15",NA,0,0,0,0,0,0,0,0,0,0,0,0,0,0,0,0,0,0,0,0,0,0,"W"
"31","2","Harsh","watered","none","W","41","Native",0.693801591355674,-0.0181352920267381,0.174292352022518,0.184456983696699,6.91534557704372,0.506989551455995,0.0652173913043478,-0.986054007584408,0.391304347826087,-0.730230964918754,1.06968594674451,-0.19828150299061,-0.117026149442503,-0.140939481004112,0.0653815180998348,0.0557044585594379,-0.149777653533059,0.410065528975337,-0.00320406973417432,-0.16362675325073,-0.0437262968275033,-0.0805607762991314,"W"
"32","2","Harsh","watered","none","W","41","Non-Native",0.559917103010925,0.181745127972358,-0.186191207826547,0.249013402310847,9.38551932311516,1.33392176620563,0.565217391304348,-0.988434931246033,0.608695652173913,0.325622064798926,1.53653446465397,-1.62160342221872,-0.397038782721226,0.457967988033015,-0.238233830259369,-0.322452223628757,-0.602236959106527,-0.815235782487191,-0.0226997398837086,0.0191494540643191,-0.0581069432584806,-0.250798387498481,"W"
"33","2","Harsh","watered","none","W","41",NA,0,0,0,0,0,0,0,0,0,0,0,0,0,0,0,0,0,0,0,0,0,0,"W"
"34","2","Harsh","watered","none","W","43","Native",0.624676855218622,-0.206535203077703,0.293493975324016,0.181359347196855,6.98177331876115,0.421307491183536,0,-0.950366909229075,0.307692307692308,-0.729293238816993,1.08730457073067,0.030397037270009,-0.122457754001178,-0.0508245060906381,0.308426226053453,0.0971191214842248,-0.245825713818548,0.338602846045881,0.0832954775533007,-0.304891906986232,-0.173923210534606,-0.164930686119881,"W"
"35","2","Harsh","watered","none","W","43","Non-Native",0.529764993356501,-0.299749191226915,-0.424016164738199,0.236527588077276,10.4152535813823,0.866124350054677,0.365384615384615,-1.24196622023211,0.442307692307692,-0.220785705074206,1.53924430344966,-0.888818410305875,-0.333582244629096,0.753344923122377,-0.346022283714031,-0.160595228515638,-0.108576649403861,-0.310652712728746,-0.241750107739111,-0.15949607908015,-0.411138262393615,-0.182155092721692,"W"
"36","2","Harsh","watered","none","W","43",NA,0,0,0,0,0,0,0,0,0,0,0,0,0,0,0,0,0,0,0,0,0,0,"W"
"37","2","Lush","none","fertilized","N","18","Native",0.0593857135880006,-0.0117136610313573,0.00317482728365273,0.0183047247034218,1.14332041288974,0.0330325011898985,0,-0.111715655757475,0.0357142857142857,-0.0498517899884522,0.112215294584339,-0.019453536484186,0.00611432596803383,0.0386291243258013,0.0632279816645558,-0.00378819658048234,0.0350339248621029,0.0376301044372156,0.0334690421362387,-0.0132596170859366,-0.0348110666787755,-0.0101617206642932,"N"
"38","2","Lush","none","fertilized","N","18","Non-Native",1.1873268468812,0.686689157563266,-0.704195903265047,0.395651170139053,22.1116751742309,1.84404782138808,0.958333333333333,-1.83447379170194,1.61904761904762,1.11635861111906,2.52452625330977,-3.33893894508565,-0.114139811693248,1.34819641230459,0.308771651464988,-0.405413718802033,0.185321940399332,-1.19845204309906,0.449669273393042,-0.0397054507799312,0.30544004979852,-0.00324501394591508,"N"
"39","2","Lush","none","fertilized","N","18",NA,0,0,0,0,0,0,0,0,0,0,0,0,0,0,0,0,0,0,0,0,0,0,"N"
"40","2","Lush","none","fertilized","N","24","Native",0.0209523973092637,0.0213052836871382,-0.0219273305828315,0.00842691128510931,0.265542432875078,0.0171260179970216,0,-0.0600770585618402,0.0184049079754601,-0.00811941277102869,0.0492782124255228,-0.00156781083204115,0.0144288253064188,0.00523774080188177,-0.000210497066222245,0.0194764417318307,0.00277029693265184,-0.0170040573763136,-0.00036143848044532,0.0106737794241057,-0.00554884106714274,0.00586527163699152,"N"
"41","2","Lush","none","fertilized","N","24","Non-Native",1.51552979852621,0.789038131057636,-0.745624221026487,0.40915952236916,23.6927594849873,1.66684815093414,0.975460122699386,-1.93612192094275,1.95705521472393,1.02017544284823,2.63972478579872,-3.34703901838944,0.254168560708169,1.3725558321321,0.602064879513328,-0.257720673690215,0.347560059978507,-1.05143818633058,0.811081978488833,-0.410758651489255,0.716567253383645,0.149594634762896,"N"
"42","2","Lush","none","fertilized","N","24",NA,0,0,0,0,0,0,0,0,0,0,0,0,0,0,0,0,0,0,0,0,0,0,"N"
"43","2","Lush","none","fertilized","N","26","Native",0.0529111116573452,0.0188227389408752,-0.0477077493303131,0.0172903794854802,0.617179039015609,0.0340115376669258,0,-0.128886303255965,0.0317460317460317,-0.0314724577725572,0.106743984211006,0.00440181778806897,0.0353743414922043,0.0168593669925929,-0.00181432033672885,0.0312758054783684,0.0141032718200967,-0.0219683179653185,-0.00511695262925934,0.00129291503772177,-0.0168723603699525,-0.000136003124245913,"N"
"44","2","Lush","none","fertilized","N","26","Non-Native",1.41913634806694,0.760349175485349,-0.731498723965025,0.398716408297712,23.0601003483974,1.67876395223625,0.96031746031746,-1.88440133239279,1.85714285714286,1.05126027796749,2.57014728830879,-3.31650239139108,0.17369423274119,1.35993799580409,0.536122918504072,-0.291262743490577,0.325863983437921,-1.07607189630627,0.713254822158141,-0.319747587297856,0.61795747019565,0.118204324532593,"N"
"45","2","Lush","none","fertilized","N","26",NA,0,0,0,0,0,0,0,0,0,0,0,0,0,0,0,0,0,0,0,0,0,0,"N"
"46","2","Lush","none","fertilized","N","31","Native",0.012654716113582,0.0188245645852322,-0.0234031124586924,0.00445588008316461,0.167187754426294,0.0100962702033106,0,-0.0382886286332045,0.0106951871657754,-0.00144248341899591,0.0287091300586806,-0.00508208055506352,0.0183810424264688,0.00758372861676684,-0.00404525004555559,0.0133940931255674,0.00808728399156278,-0.0129984374579226,-0.0028091480153974,0.0065356196693058,-0.00611852671142362,0.0040292699402213,"N"
"47","2","Lush","none","fertilized","N","31","Non-Native",1.50859583156523,0.794629375018006,-0.744154270688904,0.414702031914796,23.6042559168022,1.69901424574003,0.966131907308378,-1.94958765256822,1.93048128342246,0.950517807212387,2.65468459755167,-3.31011484863548,0.224004778937831,1.32594365542226,0.551266138651615,-0.26017317249598,0.309846643426759,-1.0249121137817,0.811002253262465,-0.367710494040121,0.676752801339744,0.132731444851732,"N"
"48","2","Lush","none","fertilized","N","31",NA,0,0,0,0,0,0,0,0,0,0,0,0,0,0,0,0,0,0,0,0,0,0,"N"
"49","2","Lush","none","fertilized","N","34","Native",0.00646566096513618,-0.00570187168051716,-0.000315809887104839,0.00246250900438759,0.0972060059025011,0.00605440407039541,0,-0.0119387812072821,0.00546448087431694,-0.00869055949068836,0.0146896422364393,-0.000271278670225241,-0.00339550716619505,0.00243588378688737,0.00149848374467069,0.00320313770692914,-0.00153976411933521,0.00216415197099144,0.00309476774819345,-0.0035878073283104,-0.00335031832298982,-0.0030496619265626,"N"
"50","2","Lush","none","fertilized","N","34","Non-Native",1.24480790807409,0.751635683904932,-0.766235051066913,0.409637227437322,23.3751225408767,1.90743715426043,0.989071038251366,-1.904080832165,1.66120218579235,1.1294055089203,2.62162502361285,-3.47443971249037,-0.0631200125393268,1.41587445195786,0.334373306859344,-0.446752124111408,0.237732552479292,-1.2038156808988,0.505385348933524,-0.0452805663974683,0.270960902054202,0.00276274703469753,"N"
"51","2","Lush","none","fertilized","N","34",NA,0,0,0,0,0,0,0,0,0,0,0,0,0,0,0,0,0,0,0,0,0,0,"N"
"52","2","Lush","none","none","C","14","Native",0.938220547879926,-0.0865031584806867,0.275734069600249,0.272638850879206,10.5293932077365,0.85398218158362,0.201492537313433,-1.38282420391784,0.514925373134328,-0.928106403723771,1.53350693647449,-0.549649944432022,-0.450464342831909,-0.150087941517313,-0.0729264451287915,-0.168002928389757,-0.169373938654965,0.578513638586504,-0.149209694701381,-0.0438141582123062,-0.0889650117855983,-0.104335209743873,"C"
"53","2","Lush","none","none","C","14","Non-Native",0.21932091978934,0.217548491705491,-0.272478031481089,0.157326116693412,8.11586690813526,0.941358021393565,0.388059701492537,-0.69640419137708,0.388059701492537,0.53652080546241,0.973839032726144,-1.40672988093018,-0.36303920102663,0.545377806905334,-0.130713097632467,-0.30403783609665,-0.0534364751498486,-0.618354164449523,-0.111789523641768,0.322050594783222,-0.243386134986557,-0.133397330133151,"C"
"54","2","Lush","none","none","C","14",NA,0,0,0,0,0,0,0,0,0,0,0,0,0,0,0,0,0,0,0,0,0,0,"C"
"55","2","Lush","none","none","C","21","Native",0.106352244906112,-0.0103064192921356,-0.0167942496743801,0.0314915076168118,1.09451592264754,0.0694752883789329,0.00602409638554217,-0.179505839432933,0.0662650602409639,-0.0993212743094604,0.190763078882924,-0.0118521582366111,-0.0039374711917346,0.00525636784286539,-0.00282257086379017,0.0378466223158396,-0.0144952712639709,0.0202322794192446,-0.00744565672666727,-0.0391214367255298,-0.0224510351926457,-0.00337140470458975,"C"
"56","2","Lush","none","none","C","21","Non-Native",1.49609768555496,0.922239505638582,-0.758856702263533,0.386423409218051,22.3061201386794,1.65023228110389,0.927710843373494,-1.83142625267683,1.71084337349398,0.777736567235662,2.48869752400873,-3.14557244420334,0.394419232409471,1.14898820217065,0.436504246737373,-0.374202613486329,0.274514573734087,-0.874740906354799,0.770273891616506,-0.352214634752918,0.576889584570926,0.116714407372745,"C"
"57","2","Lush","none","none","C","21",NA,0,0,0,0,0,0,0,0,0,0,0,0,0,0,0,0,0,0,0,0,0,0,"C"
"58","2","Lush","none","none","C","28","Native",0.047573976811196,0.0235426453925548,-0.0380951941728005,0.0150671417114529,0.521917888288424,0.0261115007481589,0,-0.12542168430621,0.0164835164835165,-0.018172087387504,0.0888776340141194,0.01653901743126,0.0408525789848453,0.0065802321247392,0.00871211186970254,0.0147537454894916,0.0182825452959482,-0.0263354623069643,-0.00801933761094204,0.0157308311920806,-0.00815458716075434,-0.000404794594782197,"C"
"59","2","Lush","none","none","C","28","Non-Native",1.57063637523079,0.918327568493345,-0.77696878640644,0.403003829576074,23.3627728367875,1.67889461522311,0.967032967032967,-1.91325574960447,1.85164835164835,0.859294029644628,2.60122614641422,-3.28249343502719,0.402925319402234,1.24092058969797,0.520438228348275,-0.339942138291594,0.314991364290056,-0.934587510213566,0.830715034497146,-0.415901416521238,0.671179281351233,0.142806836706863,"C"
"60","2","Lush","none","none","C","28",NA,0,0,0,0,0,0,0,0,0,0,0,0,0,0,0,0,0,0,0,0,0,0,"C"
"61","2","Lush","none","none","C","29","Native",0.0809941474497572,0.0445572884303687,-0.08734626321905,0.0283594136390605,1.08383684374112,0.0645006417263529,0,-0.202905106355673,0.0717703349282297,-0.0461191714275478,0.179837278534351,-0.0233966052231965,0.0541718055705434,0.0422375809989171,-0.00720490675267217,0.0718630913342693,0.0228186562959294,-0.0367313928866689,-0.00265581231834068,0.00158667063029493,-0.0351923278228952,0.00381253849987868,"C"
"62","2","Lush","none","none","C","29","Non-Native",1.42370759497524,0.76661691233869,-0.718133424958407,0.387765487423899,22.5028603566862,1.61198379934229,0.933014354066986,-1.83606893096442,1.82296650717703,0.982121219190785,2.50374973919759,-3.20767034518841,0.233223682845877,1.30246098151427,0.540858425561229,-0.279303924403556,0.324484226573039,-1.01090397619586,0.736620349837681,-0.357750624474255,0.637602859693692,0.129208967494367,"C"
"63","2","Lush","none","none","C","29",NA,0,0,0,0,0,0,0,0,0,0,0,0,0,0,0,0,0,0,0,0,0,0,"C"
"64","2","Lush","none","none","C","35","Native",0.0313434690495343,0.0280585950239933,-0.043856730158963,0.0112616788816596,0.428376584084326,0.0260924485888144,0,-0.085594419155937,0.0264900662251656,-0.0132118475882406,0.0711332153028365,-0.00976932180361944,0.0300298317166278,0.0170397523841291,-0.00569847756624905,0.0287630286231105,0.0131569955350663,-0.0215233238162639,-0.00146770543310974,0.00779253361695015,-0.0154261920242481,0.00378888798457696,"C"
"65","2","Lush","none","none","C","35","Non-Native",1.45092852090723,0.773810536318329,-0.741844803096585,0.404339605513409,23.4078116986152,1.69329843486252,0.973509933774835,-1.91220338133985,1.89403973509934,1.06035773804096,2.60771311218933,-3.35860120598474,0.19101824256295,1.3773899229415,0.55427130680281,-0.289297325393154,0.334762493045001,-1.08433399752233,0.736352324602627,-0.340004095161916,0.64298566001719,0.125483615935721,"C"
"66","2","Lush","none","none","C","35",NA,0,0,0,0,0,0,0,0,0,0,0,0,0,0,0,0,0,0,0,0,0,0,"C"
"67","2","Lush","watered","fertilized","WN","17","Native",0.226672581930357,-0.190594793308042,-0.00795056676866762,0.0852726526688157,3.35016039766917,0.20765682283205,0,-0.41544646737076,0.188612099644128,-0.290521402029559,0.50670465450193,-0.0106680598156277,-0.116043609396003,0.0774168999311729,0.0573214453205744,0.108385788086634,-0.0494559006879554,0.0693982889981429,0.104025642337744,-0.120426557641567,-0.109931651512114,-0.100643327380697,"WN"
"68","2","Lush","watered","fertilized","WN","17","Non-Native",1.05841097022993,0.658769063191216,-0.870509394452519,0.3338792373353,16.9931493202456,1.47309918722047,0.651245551601424,-1.83534534236314,1.1067615658363,0.487845998381504,2.1236553142529,-2.23735994979979,0.216514174445715,0.87429287532648,-0.0860256548080002,-0.21058148254163,0.232173245243269,-0.837446414992668,0.165097142322202,0.0648089551483212,0.0467254904504353,-0.0532350703440845,"WN"
"69","2","Lush","watered","fertilized","WN","17",NA,0,0,0,0,0,0,0,0,0,0,0,0,0,0,0,0,0,0,0,0,0,0,"WN"
"70","2","Lush","watered","fertilized","WN","22","Native",0.0115846165754601,-0.00225743515807858,-0.000836173004050959,0.00338400323845068,0.109054173587115,0.00435439760575128,0,-0.0274076784855244,0,-0.00658209366325937,0.0184190893630608,0.0100581060503053,0.0051684511896085,-0.00210801276712146,0.00616847391851294,-0.00243052481322942,0.00240122468079188,-0.00260088987056741,-0.00152279688633216,0.00233507927373784,0.000526330792056774,-0.00272989304871301,"WN"
"71","2","Lush","watered","fertilized","WN","22","Non-Native",1.53832600477271,0.805260020698291,-0.7594952573788,0.413115919758343,24.035797321415,1.6882267496717,0.993197278911565,-1.95923285527853,1.98299319727891,1.05473059352262,2.67113165700621,-3.41036539589379,0.267489258075755,1.39937147495988,0.615288810894697,-0.269657615038964,0.362197049982451,-1.07437083401829,0.814116714752349,-0.421906540746494,0.730094735132488,0.153903503729428,"WN"
"72","2","Lush","watered","fertilized","WN","22",NA,0,0,0,0,0,0,0,0,0,0,0,0,0,0,0,0,0,0,0,0,0,0,"WN"
"73","2","Lush","watered","fertilized","WN","25","Native",0.127950909906419,0.165251521531197,-0.213809349417991,0.0447514732518796,1.67134899757677,0.0996286734563612,0,-0.375988649543391,0.101769911504425,-0.0244474714520783,0.285179164585595,-0.0399333721638142,0.167912339755332,0.0696266310660307,-0.0315933236832377,0.122922728372192,0.0739236564817819,-0.118248127660304,-0.0240527704072738,0.0580993697872597,-0.058059942796784,0.0324284329925374,"WN"
"74","2","Lush","watered","fertilized","WN","25","Non-Native",1.37967986316154,0.725262605525094,-0.684484201309776,0.372056415338663,21.6145414277824,1.52244798297278,0.889380530973451,-1.76028276475726,1.76991150442478,0.926842948423547,2.40353290926999,-3.05318305667614,0.239622774153689,1.25166441043531,0.544195368957027,-0.246884513967836,0.317218060048986,-0.955903421859645,0.736311438511804,-0.374104101582229,0.637003263330996,0.133088284476236,"WN"
"75","2","Lush","watered","fertilized","WN","25",NA,0,0,0,0,0,0,0,0,0,0,0,0,0,0,0,0,0,0,0,0,0,0,"WN"
"76","2","Lush","watered","fertilized","WN","30","Native",0.0533615491837814,-0.0493504198854567,-0.0173020797053049,0.0179964872276616,0.515542795834126,0.00792380984463506,0,-0.136854565190561,0,-0.0504691495928217,0.0940210755390151,0.0806041159348527,0.00773951594680037,0.000724823421856638,0.0133553663611554,-0.0101757970345879,0.0176710986031562,-0.010788875709792,0.0010075429170643,0.003863727093454,0.0055994682395971,-0.0124471182666216,"WN"
"77","2","Lush","watered","fertilized","WN","30","Non-Native",1.53514540249696,0.912030904719937,-0.791253037872806,0.400040147193008,23.463937820091,1.69645871369746,0.965116279069767,-1.89198258176968,1.7906976744186,0.867317190713996,2.59368780163182,-3.29316075292908,0.391945480580175,1.26807528305548,0.503181586427519,-0.382012581696941,0.313885904660121,-0.945113918688501,0.805638375635591,-0.397444916268382,0.578976413950999,0.120856343903942,"WN"
"78","2","Lush","watered","fertilized","WN","30",NA,0,0,0,0,0,0,0,0,0,0,0,0,0,0,0,0,0,0,0,0,0,0,"WN"
"79","2","Lush","watered","fertilized","WN","32","Native",0.0397779613547763,0.00402070591080328,-0.0482732012950643,0.0126303505761944,0.400534811568431,0.0169897056329427,0,-0.0943875785533388,0.0262172284644195,-0.0313265219131498,0.0803963582938734,0.0127525254290645,0.0261833953538436,0.0185446385267327,-0.0175546275637742,0.0313857538556031,0.0123352482153568,-0.0162881490161422,-0.00861626682999931,-0.0107182748168959,-0.0114135876547213,0.00535382979565744,"WN"
"80","2","Lush","watered","fertilized","WN","32","Non-Native",1.45702479244381,0.79102897822289,-0.756002330617858,0.404206554568623,23.3706133509583,1.68777824075891,0.943820224719101,-1.88910084819558,1.812734082397,0.903670223864686,2.60279933809094,-3.24774502197612,0.240610412393941,1.3199346094419,0.518829258762207,-0.315147198233413,0.299304769693014,-0.992798477243447,0.789078175744797,-0.35594318721049,0.545388415818215,0.104149777847556,"WN"
"81","2","Lush","watered","fertilized","WN","32",NA,0,0,0,0,0,0,0,0,0,0,0,0,0,0,0,0,0,0,0,0,0,0,"WN"
"82","2","Lush","watered","none","W","13","Native",0.21971424146083,0.0105994564655967,0.0549496250588242,0.0684981742542488,3.01783372190412,0.172522293640009,0,-0.413312015561766,0.221719457013575,-0.137504001474719,0.423909206702084,-0.120164758449852,-0.0180169550879562,0.0560640453002176,0.159036433786403,0.134618532964326,-0.00876529713089499,0.0553335592224485,0.0165603350289447,-0.0531368938259978,-0.0265135851437033,-0.0292843260200905,"W"
"83","2","Lush","watered","none","W","13","Non-Native",1.07935713998626,0.608837686491453,-0.617366302700181,0.348584801170695,19.5072715962655,1.58864240996283,0.83710407239819,-1.61880299236429,1.46153846153846,0.951455191552421,2.22410586472488,-2.90772802598129,-0.0590876862500704,1.17606986191772,0.305630343331338,-0.328017663243858,0.176450352103155,-1.02382571874162,0.444810955311845,-0.0801664705840461,0.321393875744092,0.0161517446496922,"W"
"84","2","Lush","watered","none","W","13",NA,0,0,0,0,0,0,0,0,0,0,0,0,0,0,0,0,0,0,0,0,0,0,"W"
"85","2","Lush","watered","none","W","23","Native",0.0404295111634388,0.0359791323547492,-0.0353366520360073,0.012838823485735,0.483809077089604,0.0288974202458762,0,-0.0982849701998504,0.0258620689655172,-0.0196170257998515,0.0811293687342682,-0.00831890973607109,0.0356368101399655,0.0112571904003824,0.00202062774175951,0.0263221041375796,0.00844823385860172,-0.0165567039468603,-0.00633940744978243,0.00614069612051059,-0.0158492971652184,0.00517303264565887,"W"
"86","2","Lush","watered","none","W","23","Non-Native",1.4971182817977,0.792145930848103,-0.74393531771189,0.403300080672752,23.448123258479,1.65710476416432,0.969827586206897,-1.91179707080152,1.92241379310345,1.02383557992601,2.60664410800215,-3.33061416512722,0.258852901683905,1.36051905637032,0.588050331353854,-0.272986473149846,0.348221119173237,-1.04728379473169,0.787288094216816,-0.400579688815103,0.697088910914033,0.145423091226163,"W"
"87","2","Lush","watered","none","W","23",NA,0,0,0,0,0,0,0,0,0,0,0,0,0,0,0,0,0,0,0,0,0,0,"W"
"88","2","Lush","watered","none","W","27","Native",0.039002089097467,0.0193007273038062,-0.0312311952227464,0.012352341403083,0.427878629137357,0.0214067258385808,0,-0.102823182629415,0.0135135135135135,-0.0148978374077736,0.0728636459034673,0.0135590142904924,0.0334917539425308,0.00539460471487628,0.00714236198326965,0.0120954129688625,0.014988392990372,-0.0215903339633671,-0.00657441191527681,0.0128964471935075,-0.00668529217683464,-0.000331858631758378,"W"
"89","2","Lush","watered","none","W","27","Non-Native",1.47328634294954,0.752048695487526,-0.71786804498459,0.409933923440853,23.178232678927,1.64941511046142,0.932432432432432,-1.91378995890283,1.90540540540541,0.876912383002907,2.61517843464793,-3.18726918821635,0.204012635023137,1.30152233131199,0.555152392454398,-0.221863898045502,0.284223800221918,-0.978711136675634,0.838828564394012,-0.370580648704377,0.657657559770565,0.128793914438218,"W"
"90","2","Lush","watered","none","W","27",NA,0,0,0,0,0,0,0,0,0,0,0,0,0,0,0,0,0,0,0,0,0,0,"W"
"91","2","Lush","watered","none","W","33","Native",0.0659988294244944,0.0543547456662617,-0.0957188949382392,0.0244886386269674,0.882166597582381,0.0632921861607417,0.0121457489878543,-0.180096331785968,0.0526315789473684,-0.0343207554031862,0.145017352421075,-0.0356776128244768,0.0374755808561861,0.0292715542872561,-0.048074469740907,0.035216259118635,0.0345368957855358,-0.0320398404896497,-0.0191806760110867,0.0392635343804808,-0.0209698514622382,0.0139050995624391,"W"
"92","2","Lush","watered","none","W","33","Non-Native",1.45903802130945,0.773990466731629,-0.729018470495589,0.39179473941512,22.877030976468,1.61071485756257,0.94331983805668,-1.85630440858605,1.86234817813765,0.991261221724363,2.53674923477883,-3.24083730919707,0.264481164003804,1.32890016526299,0.575780211303175,-0.273696691946469,0.341961768806259,-1.01464400114568,0.771558096505286,-0.398893180456157,0.666060281884105,0.140170862827358,"W"
"93","2","Lush","watered","none","W","33",NA,0,0,0,0,0,0,0,0,0,0,0,0,0,0,0,0,0,0,0,0,0,0,"W"
"94","2","Lush","watered","none","W","36","Native",0.212310353806949,-0.144159696879902,0.0329301222459433,0.0746044328820029,2.92055150799649,0.186047274513977,0.0050251256281407,-0.367681853941824,0.150753768844221,-0.274143116104844,0.443199429979416,-0.0132240488652441,-0.0979429240307165,0.0432554064647305,0.0589643247143591,0.0681105149446072,-0.064004488834059,0.0928216299973302,0.0671894435537037,-0.103764969322715,-0.0920563131268847,-0.0833294466275989,"W"
"95","2","Lush","watered","none","W","36","Non-Native",1.28637855774785,0.675938100915934,-0.6385461705343,0.346846057603107,20.1786130395541,1.42242791573102,0.834170854271357,-1.64421659310202,1.65829145728643,0.88712955847069,2.24242013683553,-2.86601958624296,0.219139588006977,1.17583311492491,0.511125134839917,-0.230925077293847,0.302041081813607,-0.904631154516055,0.677721097392699,-0.347162181582872,0.603076718842391,0.126146623699858,"W"
"96","2","Lush","watered","none","W","36",NA,0,0,0,0,0,0,0,0,0,0,0,0,0,0,0,0,0,0,0,0,0,0,"W"
"97","3","Harsh","none","fertilized","N","45","Native",0.919690270720702,-0.686898936356524,0.0459140385499871,0.335183181988754,13.083767054194,0.809519600462202,0,-1.64611241059158,0.6875,-1.13043831400723,1.97324455579003,-0.0306889681074083,-0.455580422023398,0.215647578323739,0.261734347280277,0.351974706044238,-0.194295845777347,0.304515266507216,0.354840722102762,-0.433182335961713,-0.421917163328593,-0.364995134101896,"N"
"98","3","Harsh","none","fertilized","N","45","Non-Native",0.356538404215879,0.186428888341456,-0.138456727475683,0.113874892412052,5.00879176759919,0.526384335190028,0.2375,-0.483458834688097,0.3625,0.0538329625725715,0.697848316650237,-0.710157904122699,-0.0133811732597842,0.188761623182098,-0.0235966815697422,-0.106792233236805,-0.143488783659839,-0.234414756644127,0.149235334351202,-0.0461783226780482,0.0678385589271867,-0.0437792587014016,"N"
"99","3","Harsh","none","fertilized","N","45",NA,0,0,0,0,0,0,0,0,0,0,0,0,0,0,0,0,0,0,0,0,0,0,"N"
"100","3","Harsh","none","fertilized","N","49","Native",0.226984987190704,0.0321719458180567,0.321010207005827,0.0520035310344546,1.60948630017928,0.0895331686043247,0,-0.311309802223615,0,-0.144741319721074,0.31044294493435,0.054537046436624,-0.0303164726251924,-0.141338895607909,0.250533316596041,-0.0669643786603423,-0.172150403274333,0.0971696986177234,-0.128930269053336,-0.0910815158805235,-0.0182551793390384,0.00401208295245845,"N"
"101","3","Harsh","none","fertilized","N","49","Non-Native",0.415051178746965,0.481697296099988,-0.652483587549437,0.356817784458112,19.00436144398,2.16594638368156,0.884892086330935,-1.59739460038143,0.884892086330935,1.35664347564862,2.20436307487833,-3.3073288644166,-0.9243016089014,1.34244001845343,-0.288757786919346,-0.701512777953827,-0.0207209942618126,-1.46488861506265,-0.308158391266075,0.856944096327309,-0.631154317086499,-0.301613761006709,"N"
"102","3","Harsh","none","fertilized","N","49",NA,0,0,0,0,0,0,0,0,0,0,0,0,0,0,0,0,0,0,0,0,0,0,"N"
"103","3","Harsh","none","fertilized","N","53","Native",0.243779811415539,0.0994693573605618,0.0229783009289843,0.0939178683218888,4.40389868682514,0.25416968997158,0,-0.62038692161023,0.418994413407821,-0.0596288598879004,0.593099079756862,-0.293040936065057,-0.0342109096221128,0.183344488308214,0.237779543166645,0.311136136895081,0.0430293404147288,0.000330235737850577,-0.00701840899507794,0.0245951463744999,-0.0136182024716195,-0.00669908126703711,"N"
"104","3","Harsh","none","fertilized","N","53","Non-Native",0.934360410187385,0.568975052655781,-0.586323826233522,0.319934687332495,18.0516967467269,1.5129679598807,0.776536312849162,-1.48871893712087,1.29050279329609,0.928405935879617,2.03842911366257,-2.735854682706,-0.115722219792887,1.10843687840828,0.232718541468055,-0.347839229971941,0.174467696183506,-0.978250303686168,0.341281302843267,0.0207923992962604,0.20222413626804,-0.00760567181925323,"N"
"105","3","Harsh","none","fertilized","N","53",NA,0,0,0,0,0,0,0,0,0,0,0,0,0,0,0,0,0,0,0,0,0,0,"N"
"106","3","Harsh","none","none","C","47","Native",0.501572919601391,0.00490535778520231,0.162668653777637,0.153963684958346,5.70676618514938,0.575668018253776,0.196261682242991,-0.740832555359529,0.271028037383178,-0.579683660913455,0.82100143807534,-0.476224944583247,-0.403988570932458,-0.124847181542395,-0.281466108383737,-0.24528050506248,-0.119816354201036,0.435166222060285,-0.199225306155531,0.143971200724318,-0.0123856018879976,-0.0296359101014167,"C"
"107","3","Harsh","none","none","C","47","Non-Native",0.321670092894983,0.340100747115186,-0.482539763038835,0.262552611080866,14.0664556792081,1.57316521023932,0.654205607476635,-1.19484699479204,0.672897196261682,0.969022874216699,1.63104463446904,-2.42227877403193,-0.662619598554064,1.0109175012478,-0.211796711684393,-0.502594556203686,-0.00288322638586152,-1.04537005413954,-0.233184607577753,0.602311557568855,-0.440851145727831,-0.21352337134834,"C"
"108","3","Harsh","none","none","C","47",NA,0,0,0,0,0,0,0,0,0,0,0,0,0,0,0,0,0,0,0,0,0,0,"C"
"109","3","Harsh","none","none","C","52","Native",1.14433214590423,0.527939989837158,0.191963438357519,0.417456142085112,19.5575530224709,1.14150294441775,0.0497925311203319,-2.77575787419176,1.72614107883817,-0.354285512234282,2.62336385549213,-1.27900830303594,-0.0928842275390229,0.723200615927058,1.03587446713949,1.15924125156211,0.127444476913805,0.0999750241714007,-0.0960883955236647,0.133712764025221,-0.0548983438832683,-0.0126616812328811,"C"
"110","3","Harsh","none","none","C","52","Non-Native",0.0136824427416122,0.0179773345656666,-0.0116076326290887,0.00330224470553504,0.146880392035151,0.0162456443714002,0.004149377593361,-0.0262392668336275,0.004149377593361,-0.00293064667763054,0.0215837615161452,-0.0154986246833359,0.0145009335147922,0.000538129390383111,-0.00480876066952688,-0.00254632147887878,0.00141949164824242,-0.00447222495576193,-0.0043753311233005,0.00516465358968452,-0.00425400931200198,-0.00168195003917897,"C"
"111","3","Harsh","none","none","C","52",NA,0,0,0,0,0,0,0,0,0,0,0,0,0,0,0,0,0,0,0,0,0,0,"C"
"112","3","Harsh","watered","fertilized","WN","46","Native",0.0613611713324044,-0.151025959399486,-0.0592984326864617,0.0288775850412544,0.671925594914354,-0.00068041127105499,0,-0.15027465336649,0.0294117647058824,-0.0589366510776952,0.15326411544374,0.103017793300981,-0.0815735078500531,0.0319680397445512,-0.0386182640943286,0.023767730040409,0.0317806420927609,-0.0464359121559243,-0.00461440200710472,-0.0427999087559053,-0.0122783907923111,0.00840207016910509,"WN"
"113","3","Harsh","watered","fertilized","WN","46","Non-Native",0.842172391995542,0.345994875969664,-0.367540344395235,0.392094563108749,15.8253703777006,2.19211611941074,0.941176470588235,-1.58900327054861,0.941176470588235,0.734561571416847,2.44668864624317,-2.82179870783906,-0.652828685675966,0.859679987327391,-0.379264912373746,-0.61298282227185,-0.832815204064279,-1.39925211569047,-0.136154103610489,0.130816464688222,-0.18874790996014,-0.400917431723533,"WN"
"114","3","Harsh","watered","fertilized","WN","46",NA,0,0,0,0,0,0,0,0,0,0,0,0,0,0,0,0,0,0,0,0,0,0,"WN"
"115","3","Harsh","watered","fertilized","WN","51","Native",0.154666102000449,0.0783446815755573,0.0292888674011553,0.0567645899644176,2.64114391310077,0.157656548971271,0.00873362445414847,-0.38083978364144,0.235807860262009,-0.0375333043258346,0.356732302563387,-0.182943828631453,-0.0163450217204818,0.0974871943273536,0.139592931398791,0.156946024249318,0.0172499415777725,0.00823183928076107,-0.0254842124646351,0.0248615447271392,-0.00478818906888336,0.00189389586884882,"WN"
"116","3","Harsh","watered","fertilized","WN","51","Non-Native",1.10982545351941,0.638489591009526,-0.650356248666228,0.357707850824725,20.299440892479,1.62381833793497,0.860262008733624,-1.67125912583,1.51965065502183,1.00323251918063,2.28369066107473,-3.01551476094917,-0.0518755601492731,1.23347257540117,0.334816502370305,-0.334235954280963,0.226966581471021,-1.04931494700732,0.468866819965239,-0.0712027015424557,0.333922624310896,0.0294713740369454,"WN"
"117","3","Harsh","watered","fertilized","WN","51",NA,0,0,0,0,0,0,0,0,0,0,0,0,0,0,0,0,0,0,0,0,0,0,"WN"
"118","3","Harsh","watered","fertilized","WN","54","Native",0.110830757247148,-0.178581246077355,-0.0647982314115198,0.0464059598091641,1.40940502921285,0.0276476886820424,0.0103448275862069,-0.292416456927424,0.0655172413793103,-0.15954301089142,0.242781683324595,0.14374910175423,-0.0706486174516627,0.0538511852422823,-0.031246557163607,0.0184621880992435,0.0465200344720291,0.0119428675691662,0.023792624357729,-0.00851420190137824,0.0159107068376509,-0.0176644813926955,"WN"
"119","3","Harsh","watered","fertilized","WN","54","Non-Native",1.3673783481454,0.726303189123017,-0.692726246935002,0.376768593064033,21.8544095297383,1.56748245154273,0.906896551724138,-1.78311759682675,1.77586206896552,0.97910046069735,2.43218834362251,-3.12454727677002,0.19916917336738,1.28150117559345,0.52902239053399,-0.264585578848604,0.317297782097999,-1.00067377752075,0.703066322917241,-0.337164567012324,0.616113810639197,0.123302509344329,"WN"
"120","3","Harsh","watered","fertilized","WN","54",NA,0,0,0,0,0,0,0,0,0,0,0,0,0,0,0,0,0,0,0,0,0,0,"WN"
"121","3","Harsh","watered","none","W","48","Native",0.0415991815826708,-0.0189005668006762,-0.00652803506418818,0.017712970623551,0.548298727898563,0.0684771404756835,0.0253164556962025,-0.0699470869629667,0.0253164556962025,-0.0595492761668758,0.0857626667804166,-0.0528673202069081,-0.0760406074201814,-0.0128525257200669,-0.0709601041897359,-0.032262793433617,-0.00635252837002939,0.0333711945918653,-0.0220070679419588,0.0328729977916281,-0.00761943826896766,-0.00116419085541893,"W"
"122","3","Harsh","watered","none","W","48","Non-Native",0.910523580175036,-0.965914284001546,-0.630640086868542,0.283499985921516,18.9929156849764,0.670303257069951,0.962025316455696,-2.67968097073807,1.69620253164557,-1.00321546115844,2.3791264454186,-1.87110430008281,-0.267815275219715,2.86286280731056,-0.892959648809521,0.141677566864503,0.49104364037715,0.977918719416695,-1.57175923452446,-0.670321349954379,0.377264422557997,0.0330166277508491,"W"
"123","3","Harsh","watered","none","W","48",NA,0,0,0,0,0,0,0,0,0,0,0,0,0,0,0,0,0,0,0,0,0,0,"W"
"124","3","Harsh","watered","none","W","50","Native",0.179150007249217,-0.0448407664864784,0.123752422657138,0.050717030536761,1.73486306780747,0.0595316156776448,0,-0.294448503594361,0,-0.20021565376888,0.27435132349151,0.119456426474498,-0.0313914455462648,-0.0697365563086732,0.113102543593759,-0.0648514071802876,-0.0516862065219419,0.0974403941862739,-0.00968073393802536,-0.0342482350405886,-0.0348446053202026,-0.00297903617183839,"W"
"125","3","Harsh","watered","none","W","50","Non-Native",0.490491945799939,0.458998659751734,-0.604078785282698,0.363716174483855,18.4885977289969,2.1749990844962,0.896551724137931,-1.5992356381258,0.896551724137931,1.25082673723425,2.25123930296867,-3.22939361465252,-0.878811533230131,1.26092154554408,-0.305159343401121,-0.68750612722114,-0.162567567058347,-1.45645953685047,-0.278761719916647,0.731925153851201,-0.555209965410151,-0.319577933961117,"W"
"126","3","Harsh","watered","none","W","50",NA,0,0,0,0,0,0,0,0,0,0,0,0,0,0,0,0,0,0,0,0,0,0,"W"
"127","3","Lush","none","fertilized","N","55","Native",0.0174002346561753,0.0258837763046943,-0.0321792796307021,0.00612683511435134,0.229883162336154,0.013882371529552,0,-0.0526468643706562,0.0147058823529412,-0.00198341470111938,0.0394750538306859,-0.00698786076321234,0.0252739333363946,0.0104276268480544,-0.00556221881263894,0.0184168780476551,0.0111200154883988,-0.0178728515046435,-0.00386257852117143,0.00898647704529547,-0.00841297422820748,0.00554024616780429,"N"
"128","3","Lush","none","fertilized","N","55","Non-Native",1.53640964406655,0.814866711181826,-0.757172684802969,0.410016431286297,23.8345933362151,1.67772834079041,0.985294117647059,-1.94511482397599,1.96078431372549,1.02611381030621,2.65010814226781,-3.37792455701204,0.282977890273635,1.37269176053176,0.602239950243006,-0.274543635803625,0.355073426835398,-1.05202155230465,0.813540211845266,-0.420432253062271,0.724081536798217,0.152970758862941,"N"
"129","3","Lush","none","fertilized","N","55",NA,0,0,0,0,0,0,0,0,0,0,0,0,0,0,0,0,0,0,0,0,0,0,"N"
"130","3","Lush","watered","fertilized","WN","56","Native",0.0418545765964091,0.00426692117384283,-0.0309098483862437,0.0150207976780678,0.582941310601792,0.0359716156441659,0.00328947368421053,-0.0950967849760352,0.03125,-0.0322371681716707,0.0924746909527854,-0.00999674235445538,0.0118749034249682,0.0199868760692609,-0.00131530805452552,0.0215391692028968,0.00370840159934424,-0.010243904492164,0.00453937551603604,-0.00476257876954681,-0.0187306357007411,-0.00463204499473126,"WN"
"131","3","Lush","watered","fertilized","WN","56","Non-Native",1.49213188513898,0.78046068890544,-0.736995978754204,0.40162706976944,23.3480406337862,1.64240299156112,0.965460526315789,-1.90467694457962,1.92763157894737,1.02846835822982,2.59592097909555,-3.31585266241788,0.254066212758697,1.36067792403584,0.596341531829901,-0.261090983836758,0.351125566213134,-1.04715759377822,0.787801174256216,-0.405826760402938,0.709223421908557,0.148913863402872,"WN"
"132","3","Lush","watered","fertilized","WN","56",NA,0,0,0,0,0,0,0,0,0,0,0,0,0,0,0,0,0,0,0,0,0,0,"WN"
"133","4","Harsh","none","fertilized","N","59","Native",0.044744907660874,-0.0329916212698271,-0.00561903343726673,0.0183564230697789,0.697311178173401,0.0300563569854912,0,-0.101509950854812,0.0307692307692308,-0.0492861934815002,0.101788294073029,0.0154721602244182,-0.0233426758678219,0.0145738885825778,0.0161651578572226,0.0126234392346348,0.00563149691460938,0.00637770438757393,0.0165228151357572,-0.00397545860037916,-0.0167127964778456,-0.00743069890780161,"N"
"134","4","Harsh","none","fertilized","N","59","Non-Native",0.484236954213811,0.531571904743882,-0.709802335953854,0.388118166706201,20.7340276114867,2.33050452278208,0.961538461538462,-1.74093106409776,0.992307692307692,1.45970660019018,2.40140087145759,-3.58444136475705,-0.963987283789228,1.45539217142651,-0.284623696810551,-0.746148664131864,-0.0105641780745406,-1.57414849276788,-0.298905136831087,0.888292490146134,-0.641121192991762,-0.312452931392206,"N"
"135","4","Harsh","none","fertilized","N","59",NA,0,0,0,0,0,0,0,0,0,0,0,0,0,0,0,0,0,0,0,0,0,0,"N"
"136","4","Harsh","none","fertilized","N","66","Native",0.77943522948589,0.0335473918506715,0.879364642378561,0.214255395978101,7.2222277143376,0.412726263706683,0.0170454545454545,-1.25986496988392,0.215909090909091,-0.468688967683543,1.28274617457839,0.0481754907116031,-0.176711023183355,-0.26271403717226,0.791643300446232,-0.0453311960558236,-0.495736757140289,0.208613507424744,-0.339342071574439,-0.26849968074676,-0.0896301314887047,-0.00936093625589762,"N"
"137","4","Harsh","none","fertilized","N","66","Non-Native",0.297435900929008,0.266911855447261,-0.348016571458737,0.212301618312436,10.736794062426,1.26237761434384,0.522727272727273,-0.931916529225179,0.528409090909091,0.717210440058569,1.31505001122547,-1.87190309261003,-0.500542864272079,0.727011503887792,-0.173496725523605,-0.396098820454288,-0.103343260873431,-0.843813707502734,-0.153347851790427,0.408459148808777,-0.309048216450104,-0.184568645014111,"N"
"138","4","Harsh","none","fertilized","N","66",NA,0,0,0,0,0,0,0,0,0,0,0,0,0,0,0,0,0,0,0,0,0,0,"N"
"139","4","Harsh","none","none","C","57","Native",1.33272337807493,0.485425510610608,0.618835844867658,0.423661907167784,18.7338275196757,1.07981739812705,0.0405405405405405,-2.74636200358104,1.40540540540541,-0.645589419910739,2.61404494338867,-0.933014998317284,-0.0873162140705955,0.317262026061094,1.18248693312293,0.800925666343411,-0.121222010423847,0.353137587759508,-0.195392221192505,-0.0264460776768076,-0.0561607091065608,-0.0184616436826691,"C"
"140","4","Harsh","none","none","C","57","Non-Native",0.0209350451146347,0.0109362759214728,-0.0103169054303489,0.00562214812214812,0.326926674944296,0.0229541609576262,0.0135135135135135,-0.0266674338361882,0.027027027027027,0.014373816746508,0.0363441380528493,-0.04639785903764,0.003616570323085,0.0190403798819393,0.00839058191045284,-0.00363034846910268,0.00493257512298185,-0.0146306521264459,0.011080609887251,-0.00574450227126795,0.00999386352283984,0.0021072147168332,"C"
"141","4","Harsh","none","none","C","57",NA,0,0,0,0,0,0,0,0,0,0,0,0,0,0,0,0,0,0,0,0,0,0,"C"
"142","4","Harsh","none","none","C","62","Native",1.26398306432198,0.469533565537759,0.624663418532415,0.398156171786464,17.8083176192939,0.970233584174602,0,-2.61384732011926,1.38095238095238,-0.62126990936055,2.47469586090043,-0.831590708845217,-0.0336679414177189,0.320455787972412,1.23051163453139,0.858820507583859,-0.107878350618719,0.360348376888337,-0.147866750218874,-0.0707053346470608,-0.0375961484734246,-0.0094801772215103,"C"
"143","4","Harsh","none","none","C","62","Non-Native",0.0592208688201823,0.0451904436223465,-0.0532897620142816,0.0291072660253866,1.59870287974631,0.156999974390203,0.0714285714285714,-0.132946705707128,0.0952380952380952,0.0983308877772031,0.182659171384671,-0.259727204271857,-0.0433677553607955,0.105788591330907,-0.000755630703568808,-0.0441471126668479,0.00757566054289526,-0.104608445730222,0.0029399300080894,0.0359938054792704,-0.016356321015323,-0.0125181488980351,"C"
"144","4","Harsh","none","none","C","62",NA,0,0,0,0,0,0,0,0,0,0,0,0,0,0,0,0,0,0,0,0,0,0,"C"
"145","4","Harsh","none","none","C","64","Native",1.433334258242,-0.166998498819866,0.670815409340394,0.423408159045807,17.1731775770958,1.04742474418276,0.0222222222222222,-2.35620229397844,0.911111111111111,-1.34258177340806,2.54029024113216,-0.321988436721068,-0.286781796283711,-0.0415318559081619,0.817893261899406,0.338626200094036,-0.376484758249978,0.683524768122414,0.0304419282362598,-0.448474371332037,-0.307085375110993,-0.258225971494295,"C"
"146","4","Harsh","none","none","C","64","Non-Native",0.0208462922658819,0.0241936491988792,-0.0327715333945336,0.017921471378384,0.954509933410378,0.108786466967204,0.0444444444444444,-0.0802304785738098,0.0444444444444444,0.0681385521644653,0.11071597738323,-0.166113355791836,-0.0464238206458156,0.0674251716585462,-0.0145031011316311,-0.0352340654509781,-0.00104072925109014,-0.0735752547402742,-0.0154775126959293,0.0430407332934041,-0.0317002529629714,-0.015148803172514,"C"
"147","4","Harsh","none","none","C","64",NA,0,0,0,0,0,0,0,0,0,0,0,0,0,0,0,0,0,0,0,0,0,0,"C"
"148","4","Harsh","none","none","C","68","Native",1.21053630132861,-0.0434162198205288,-0.0489159239633461,0.377490348031301,15.50195852543,0.970145591251539,0.0277777777777778,-2.19042272762084,1.13888888888889,-1.00744665589685,2.28826260136913,-0.515590414692006,-0.08101002752074,0.234377024180162,0.396332493619566,0.689510608192493,-0.0242674261789157,0.328400961211883,0.193608534295875,-0.294714397774499,-0.166416908109552,-0.184097860107864,"C"
"149","4","Harsh","none","none","C","68","Non-Native",0.185161525830951,0.105041521659187,-0.105310097465563,0.0574274708380412,3.2846324801457,0.256725754172762,0.138888888888889,-0.269409616206179,0.25,0.160771310574079,0.368027065410169,-0.485314355012716,0.000721356975064164,0.198694966871426,0.0599247908342317,-0.0518708227639278,0.0399062730070306,-0.166281007252338,0.0814337914157747,-0.0203321159220477,0.0623591086414926,0.00785798568891842,"C"
"150","4","Harsh","none","none","C","68",NA,0,0,0,0,0,0,0,0,0,0,0,0,0,0,0,0,0,0,0,0,0,0,"C"
"151","4","Harsh","watered","fertilized","WN","58","Native",0.85350883240405,-0.636152842393604,0.00797710939356967,0.327925954988987,11.0042994256012,0.780425721341898,0.0128205128205128,-1.57473441727349,0.846153846153846,-1.03217911326206,1.82408397374769,-0.112834149178063,-0.733473772305696,0.0406583537850024,-0.0536241913873367,0.503747527582088,-0.120577434197382,0.302967767725989,0.173907746887117,-0.194647031338272,-0.160527315314414,-0.194250919706286,"WN"
"152","4","Harsh","watered","fertilized","WN","58","Non-Native",0.145740045125406,0.15743012257482,-0.211371346513718,0.119135433471704,6.25141809518456,0.719686368384336,0.294871794871795,-0.530258087387482,0.294871794871795,0.438933607954098,0.736452040484531,-1.08919017349693,-0.301878185093792,0.436801617461797,-0.0975606180267222,-0.231294690288187,-0.0219437864060123,-0.485197738805586,-0.0991332960474949,0.271078859570409,-0.20136822048622,-0.10199260064164,"WN"
"153","4","Harsh","watered","fertilized","WN","58",NA,0,0,0,0,0,0,0,0,0,0,0,0,0,0,0,0,0,0,0,0,0,0,"WN"
"154","4","Harsh","watered","fertilized","WN","65","Native",0.876452686585952,-0.724274424661969,0.0109899171689174,0.335332381357685,13.1605270339667,0.821091714045607,0.0285714285714286,-1.63182541502439,0.714285714285714,-1.17783404490368,1.99738617883819,-0.0414584396867418,-0.452528649694738,0.333711471417858,0.222972607922027,0.370628992922826,-0.267934054528789,0.293303483605452,0.397787026045041,-0.463643190404955,-0.435135587039576,-0.390424347697435,"WN"
"155","4","Harsh","watered","fertilized","WN","65","Non-Native",0.130244525219674,0.110184392915167,-0.162371474698846,0.108456240100321,5.28055732492958,0.595828582795374,0.228571428571429,-0.470736674880867,0.285714285714286,0.283709899924219,0.645437587728293,-0.841944751305408,-0.284981973579565,0.338381048454662,-0.0796796023824361,-0.137175782975261,-0.0421305663757961,-0.364509235778194,-0.0249868976700989,0.23705152644898,-0.148395159113216,-0.0814651988022802,"WN"
"156","4","Harsh","watered","fertilized","WN","65",NA,0,0,0,0,0,0,0,0,0,0,0,0,0,0,0,0,0,0,0,0,0,0,"WN"
"157","4","Harsh","watered","none","W","63","Native",0.946323566461511,-0.0291328697966121,0.13764668775081,0.349366022589806,15.3534890811786,0.994818653091394,0.0793650793650794,-2.01803347951931,1.17460317460317,-0.700041346575341,2.1241248965476,-0.813904999525182,-0.359651924637946,0.449525940901222,0.4886062005429,0.649132458557922,-0.0439755276262027,0.273871835420936,0.0548174686424707,-0.0563295492472164,-0.188136425422491,-0.168270606410548,"W"
"158","4","Harsh","watered","none","W","63","Non-Native",0.106486518639504,0.107892263411295,-0.140863579634808,0.0770095734474443,4.13386956293566,0.454337436273767,0.19047619047619,-0.346514818268188,0.206349206349206,0.284570699999155,0.47764556536921,-0.707087255988331,-0.178131260411604,0.287249493599265,-0.0471208645826221,-0.142683761679852,0.00170523919771187,-0.306230854056744,-0.0477891946124752,0.162341084476884,-0.112797884248338,-0.0570380142246279,"W"
"159","4","Harsh","watered","none","W","63",NA,0,0,0,0,0,0,0,0,0,0,0,0,0,0,0,0,0,0,0,0,0,0,"W"
"160","4","Harsh","watered","none","W","67","Native",0.964074077169588,-0.224613601544536,0.157086165664837,0.333757883125488,13.8640083678045,0.773893943689779,0,-1.90483479163808,0.90625,-0.863633646059379,2.00590394935302,-0.273832758881446,-0.230674545961396,0.285151444954357,0.558868329722938,0.536954054931727,-0.0929084069599967,0.273040041043702,0.191773556521134,-0.249566061034453,-0.230629994334949,-0.192151316880464,"W"
"161","4","Harsh","watered","none","W","67","Non-Native",0.135378121251455,0.128568529881695,-0.169580390856717,0.101377100643384,5.17073465307479,0.606878254142089,0.25,-0.446323259298837,0.25,0.351251877028519,0.627394274717293,-0.902924248531747,-0.246201842792281,0.3535790852269,-0.0848416116924635,-0.19217152352417,-0.0425115380445636,-0.406680473499785,-0.0783980174008891,0.206809486249,-0.156496431966322,-0.0888344306038886,"W"
"162","4","Harsh","watered","none","W","67",NA,0,0,0,0,0,0,0,0,0,0,0,0,0,0,0,0,0,0,0,0,0,0,"W"
"163","4","Harsh","watered","none","W","69","Native",0.759164792891104,0.101763875314257,0.291293652639753,0.185425599950669,7.07196572760063,0.412377379640095,0,-1.11749861325368,0.333333333333333,-0.665718361141354,1.11852236725242,-0.0252902961802,0.108677581493025,-0.179511780135133,0.374851195761344,0.106492201154981,-0.182382391422325,0.33690185682057,-0.0195421249771964,-0.252326714825659,-0.0663802191271919,-0.0591869073300425,"W"
"164","4","Harsh","watered","none","W","69","Non-Native",0.363620232864752,0.339618921669807,-0.432300667508988,0.236286466426733,12.7542845796899,1.36539841261974,0.583333333333333,-1.06704205927852,0.666666666666667,0.855197248453701,1.46967693022057,-2.15489538339027,-0.499965798606401,0.875948857097271,-0.111417965949724,-0.418770385216304,0.0187093425169574,-0.917943970607835,-0.105791590191157,0.448783818877977,-0.294999020775916,-0.157429544936978,"W"
"165","4","Harsh","watered","none","W","69",NA,0,0,0,0,0,0,0,0,0,0,0,0,0,0,0,0,0,0,0,0,0,0,"W"
"166","4","Lush","none","none","C","60","Native",0.0963612112441638,-0.0703533734428908,0.00951757179022016,0.0390482259188792,1.38623504669252,0.0889227030837482,0,-0.189529580581687,0.0833333333333333,-0.123586823825155,0.223609323691008,0.00827033185948823,-0.0595144609076361,0.0203110238562147,0.0303173472970603,0.0502443564879907,-0.036464517362556,0.0207200949176357,0.0455294366374055,-0.0351434966059027,-0.03687882685561,-0.0338297788705931,"C"
"167","4","Lush","none","none","C","60","Non-Native",1.69205474087607,1.21739618668735,-0.834440262198233,0.383971822762165,22.1164831125779,1.6685761099606,0.916666666666667,-1.82920935677316,1.56666666666667,0.379166171292287,2.47059091452528,-3.01063534533314,0.769940370949965,0.867906939926786,0.309885741392068,-0.514138447754959,0.210307238534167,-0.591922828096065,0.904862937813544,-0.43292911631619,0.553104738048165,0.124715812940245,"C"
"168","4","Lush","none","none","C","60",NA,0,0,0,0,0,0,0,0,0,0,0,0,0,0,0,0,0,0,0,0,0,0,"C"
"169","4","Lush","watered","none","W","61","Native",0,0,0,0,0,0,0,0,0,0,0,0,0,0,0,0,0,0,0,0,0,0,"W"
"170","4","Lush","watered","none","W","61","Non-Native",1.97413216233716,1.55233463175271,-0.973779403678475,0.420105797200083,24.0987567513829,1.87285612701271,1,-2.00505952296916,1.58333333333333,0.132634734013719,2.69766447102595,-3.21986954891019,1.08733925187813,0.747010774703982,0.215785251685517,-0.687207989735724,0.170814037265082,-0.456850953480149,1.05938424696129,-0.492687510128798,0.544526623214413,0.127459536933771,"W"
"171","4","Lush","watered","none","W","61",NA,0,0,0,0,0,0,0,0,0,0,0,0,0,0,0,0,0,0,0,0,0,0,"W"
"172","6b","Harsh","none","fertilized","N","101","Native",1.37182958340848,0.119395593839143,1.33222530511263,0.359630272237114,13.7790845397848,0.6052831899379,0.0285714285714286,-2.23259573147376,0.0571428571428571,-0.938244849063258,2.07702674885302,0.342533668691047,-0.0265886236250996,-0.489644056724826,1.41571927604835,-0.493122669004138,-0.54180515158549,0.505645034062905,-0.331105003422251,-0.27243024608954,-0.257392851207064,-0.045393032665085,"N"
"173","6b","Harsh","none","fertilized","N","101","Non-Native",0.296598390017475,0.170949862684138,-0.110324985334576,0.0962550993057796,3.92738634534442,0.517613334545287,0.228571428571429,-0.395798613760774,0.228571428571429,0.058850892169947,0.604067711611716,-0.646697509402733,-0.0162887145581099,0.133122688076519,-0.0935539510316844,-0.168769043221141,-0.209772171608797,-0.250080482580187,0.042616132898147,-0.0389383638976208,-0.0011415508924788,-0.0794177870755992,"N"
"174","6b","Harsh","none","fertilized","N","101",NA,0,0,0,0,0,0,0,0,0,0,0,0,0,0,0,0,0,0,0,0,0,0,"N"
"175","6b","Harsh","none","none","C","103","Native",1.78283260783237,0.328356619373007,0.330978880237233,0.378448034240475,13.7025826770287,0.877317749698989,0,-2.25459493523211,0.916666666666667,-1.56938475463227,2.20175976666199,-0.157812119768036,0.343506088968938,-0.689307402740649,0.409665833188492,0.348681097551132,-0.133226702207967,0.927265927877296,0.106079818429594,-0.52351391505303,0.220059015425296,-0.0558853505716662,"C"
"176","6b","Harsh","none","none","C","103","Non-Native",0.428174419288838,0.43210082179032,-0.211373194374033,0.0709665613042755,3.9945687798483,0.352800604936737,0.166666666666667,-0.341566118282815,0.166666666666667,-0.195134008884217,0.451523671364517,-0.486811453514158,0.372489586505985,-0.0299595827465597,-0.0585632803129457,-0.21219917899445,-0.0168435155507873,0.0698822119912405,0.232428501397982,-0.0978865981676262,0.0452499391247307,0.0145992406628552,"C"
"177","6b","Harsh","none","none","C","103",NA,0,0,0,0,0,0,0,0,0,0,0,0,0,0,0,0,0,0,0,0,0,0,"C"
"178","6b","Harsh","watered","fertilized","WN","100","Native",0,0,0,0,0,0,0,0,0,0,0,0,0,0,0,0,0,0,0,0,0,0,"WN"
"179","6b","Harsh","watered","fertilized","WN","100","Non-Native",1.43565286132521,0.65119277940826,-0.648453796927229,0.426496067113691,21.9004444624339,1.74817123926145,0.921875,-1.95471300643562,1.828125,0.721401610951798,2.68012574607185,-3.0206884710041,0.054025595665003,1.16653233802118,0.38136184529043,-0.186467264884078,0.0257331921340564,-1.02199263224075,0.733443508283387,-0.325532952989204,0.601032127806345,0.0409825508117257,"WN"
"180","6b","Harsh","watered","fertilized","WN","100",NA,0,0,0,0,0,0,0,0,0,0,0,0,0,0,0,0,0,0,0,0,0,0,"WN"
"181","6b","Harsh","watered","fertilized","WN","102","Native",0.0591900346985237,-0.0586787013063631,-0.0473027325417777,0.0206296860713197,0.721465827210322,-0.00445177270479468,0.0441176470588235,-0.179144388291858,0,-0.13111222173927,0.116498069549061,0.0925864586250975,0.0342361961575199,0.077686793147741,-0.04847449855689,-0.0659087369352904,-0.000388875115134326,0.039951053476395,-0.00362999727375298,0.00405572915449058,0.0351511437245293,0.000693593582954471,"WN"
"182","6b","Harsh","watered","fertilized","WN","102","Non-Native",1.68273051129487,1.36526342742838,-1.03592175562901,0.393041192408676,15.7323276973904,1.64681031828008,0.514705882352941,-2.62461913323677,0.632352941176471,-0.863704891555871,2.54039723796506,-1.36385382334169,1.31759301389658,0.0551599300255724,-0.547418942414628,-0.245410085311638,-0.25110187630993,-0.241694755816124,-0.0968705341202241,-0.0973768754822783,-0.214780264848852,-0.194544439878116,"WN"
"183","6b","Harsh","watered","fertilized","WN","102",NA,0,0,0,0,0,0,0,0,0,0,0,0,0,0,0,0,0,0,0,0,0,0,"WN"
"184","6b","Lush","none","fertilized","N","105B","Native",0,0,0,0,0,0,0,0,0,0,0,0,0,0,0,0,0,0,0,0,0,0,"N"
"185","6b","Lush","none","fertilized","N","105B","Non-Native",1.62938854570534,0.938524216978211,-0.803821477238866,0.418447344601552,24.0879586558611,1.71996106404663,0.986198243412798,-2.00102468974673,1.90025094102886,0.83992440713474,2.6908614133688,-3.32591364016088,0.427488382934866,1.26025434480041,0.535433869691704,-0.343945365787437,0.326277026640001,-0.941507366600284,0.869786307484902,-0.422390924994869,0.692067907954405,0.143909258731844,"N"
"186","6b","Lush","none","fertilized","N","105B",NA,0,0,0,0,0,0,0,0,0,0,0,0,0,0,0,0,0,0,0,0,0,0,"N"
"187","6b","Lush","none","fertilized","N","111","Native",0.00588661979542921,0.00224480062522873,-0.00308278357561831,0.00135167106022938,0.046932396181745,0.00213222170625947,0,-0.0115621457478613,0.0015748031496063,-0.00358376417226731,0.00848709662726323,0.00166051336158052,0.00492311038997691,-0.000257694356423302,0.000302608856536446,0.00129689498434734,0.00144549083315867,-0.000457868085759375,-0.00159977979566811,-0.000681659889038992,-0.000384612648062101,0.000115214317475795,"N"
"188","6b","Lush","none","fertilized","N","111","Non-Native",1.67013798974789,1.0227739613687,-0.836676796777482,0.416892905798756,23.9038566754313,1.73513629019447,0.979527559055118,-2.00223164603411,1.84409448818898,0.729738458459793,2.68231265504488,-3.28669540271562,0.523915474505142,1.17805010779242,0.47056143153146,-0.378667701513424,0.303076863043256,-0.871807548136688,0.877192131380575,-0.428064288668197,0.660795058003821,0.139397465840862,"N"
"189","6b","Lush","none","fertilized","N","111",NA,0,0,0,0,0,0,0,0,0,0,0,0,0,0,0,0,0,0,0,0,0,0,"N"
"190","6b","Lush","none","none","C","105A","Native",0.00704127314261882,0.00492682927420397,-0.00790914087063847,0.0017991618301313,0.0578045520566511,0.00385848101697956,0,-0.0147281859940333,0,-0.00482942321254161,0.0117933823390323,0.00193138639740183,0.00812734716594017,2.42957870541437e-05,-0.0030003107760248,0.00139753831882431,0.00119715239598681,-0.00295162803958105,-0.00245617001942504,-0.000769830935538244,-0.00427032097531103,0.000262756587330713,"C"
"191","6b","Lush","none","none","C","105A","Non-Native",1.617084676185,0.964658816008052,-0.805952025639025,0.41489357309739,24.0188387392185,1.74262473429929,0.995633187772926,-1.96880465092794,1.882096069869,0.862310304547744,2.67606140780053,-3.37675582370077,0.423946128537177,1.25903032580653,0.512485017631199,-0.368747847802398,0.313891680809764,-0.950210788031438,0.848672212924877,-0.413772744505247,0.668018722284492,0.140308696568829,"C"
"192","6b","Lush","none","none","C","105A",NA,0,0,0,0,0,0,0,0,0,0,0,0,0,0,0,0,0,0,0,0,0,0,"C"
"193","6b","Lush","none","none","C","107","Native",0.087297133479821,0.0139973465977806,-0.0897582558585364,0.0245216429483671,0.78276458276458,0.0400863472275172,0,-0.176912034415903,0.0617283950617284,-0.0702373533762265,0.165760742220685,0.0046963279228338,0.054415282766008,0.0351996378702328,-0.0403167157533999,0.0745166063561735,0.0119436388069063,-0.0216672381923847,-0.0285133770392554,-0.0460457713312284,-0.0275318077100619,0.0116526258176172,"C"
"194","6b","Lush","none","none","C","107","Non-Native",2.22308290285748,2.13231591622395,-1.10101761393702,0.399355915943662,22.3807694363875,1.92726669095298,0.925925925925926,-1.90670760763641,1.07407407407407,-0.782234342691697,2.53581725181846,-2.77988009569029,1.74786820928069,0.0665272130203868,-0.200250832794594,-1.02781419148693,-0.046414052552441,0.168030995283758,1.21433645063315,-0.4947233200751,0.293072719714488,0.080041664034229,"C"
"195","6b","Lush","none","none","C","107",NA,0,0,0,0,0,0,0,0,0,0,0,0,0,0,0,0,0,0,0,0,0,0,"C"
"196","6b","Lush","none","none","C","109","Native",0.0252371128547975,0.011056058781265,-0.0202770521783833,0.00836781446972363,0.287739569331332,0.0135603913493463,0.0075187969924812,-0.0672503311014388,0.0150375939849624,-0.0332508946606006,0.0504143539364053,0.00879907107523757,0.0217426688989563,0.0150506726121885,-0.00886949806091235,0.00472838269752237,-0.00250447194498118,0.0029221604785238,-0.000230413746667824,0.0053721090076865,0.00360173358305948,0.00153721535181611,"C"
"197","6b","Lush","none","none","C","109","Non-Native",1.65886069538053,1.0424766885341,-0.792116431439051,0.416808709852216,23.1840977974106,1.72258908492028,0.93609022556391,-1.95155565837536,1.78571428571429,0.505694845832274,2.64030486503695,-3.10700998348786,0.512804912752406,1.03137402093231,0.401480822177874,-0.35764825664195,0.201552795273256,-0.733978456752019,0.948766576490897,-0.395952809591194,0.628987139167806,0.126666237949104,"C"
"198","6b","Lush","none","none","C","109",NA,0,0,0,0,0,0,0,0,0,0,0,0,0,0,0,0,0,0,0,0,0,0,"C"
"199","6b","Lush","watered","fertilized","WN","106","Native",0.00514259477226582,0.000824570963214709,-0.00528757725421196,0.00144454769368563,0.0461119499664953,0.0023614502730392,0,-0.0104217271183187,0.00363636363636364,-0.00413761863525407,0.00976481463263673,0.000276656408545119,0.00320555483930665,0.00207357866726462,-0.00237502107347301,0.00438970553807276,0.000703588904261389,-0.00127639730442412,-0.00167969712013068,-0.00271251452933055,-0.00162187376328365,0.000686445593619629,"WN"
"200","6b","Lush","watered","fertilized","WN","106","Non-Native",1.61987326557867,0.961307529206546,-0.813299684963018,0.415390838729792,23.7146422947547,1.7008572657262,0.96,-2.04401266167505,1.89090909090909,0.841483178475016,2.68095522292707,-3.27052352305523,0.46305083064731,1.24080912087826,0.528123007843836,-0.285317441510711,0.331343861166557,-0.95348487363647,0.80559709415012,-0.403135456104624,0.684190211270682,0.143932638140698,"WN"
"201","6b","Lush","watered","fertilized","WN","106",NA,0,0,0,0,0,0,0,0,0,0,0,0,0,0,0,0,0,0,0,0,0,0,"WN"
"202","6b","Lush","watered","fertilized","WN","108","Native",0.00216571755340444,0.000347254234125643,-0.00222677449449968,0.000608347037922737,0.0194192744881871,0.00099448518389859,0,-0.00438893561644354,0.00153139356814701,-0.00174248870550516,0.00411228793870613,0.000116509207273978,0.0013499656673956,0.000873252884376372,-0.0010002002989358,0.00184865087744259,0.000296304668716511,-0.000537533321158701,-0.000707376275705876,-0.00114233000852358,-0.000683024938595717,0.000289085050911789,"WN"
"203","6b","Lush","watered","fertilized","WN","108","Non-Native",1.54333221956298,0.82674667088504,-0.763659983429636,0.416564765544266,24.0241516005106,1.71190003772126,0.990811638591118,-1.96965531471194,1.96324655436447,1.00213642520988,2.6824569408902,-3.39382116609927,0.268835928377663,1.36625600641958,0.581460214430071,-0.280864816883399,0.337287150761065,-1.05017145619641,0.819736100097242,-0.398621045878542,0.705823432547498,0.144684315975971,"WN"
"204","6b","Lush","watered","fertilized","WN","108",NA,0,0,0,0,0,0,0,0,0,0,0,0,0,0,0,0,0,0,0,0,0,0,"WN"
"205","6b","Lush","watered","fertilized","WN","110","Native",0.0144247991047741,0.000689776692982451,-0.0122620761680343,0.00455609865495286,0.142858756581561,0.00857332939141372,0,-0.0298765134562508,0.0089126559714795,-0.0112891220366096,0.0286008824569475,0.00157695804927036,0.00534243849960653,0.00348817212086244,-0.0046531001213632,0.00964422022497314,0.000978686622643119,-0.00450072172589061,-0.00245874888211145,-0.00497587281318865,-0.00523102816225554,0.000601059045183126,"WN"
"206","6b","Lush","watered","fertilized","WN","110","Non-Native",1.60583478709741,0.92862977823102,-0.790431899048768,0.412577298840002,23.8974368492633,1.71024464069801,0.987522281639929,-1.95794774663903,1.90552584670232,0.882924727723997,2.66208989582789,-3.3523686356587,0.405181104325111,1.27477299379662,0.541779813989188,-0.335963114509213,0.324099239634914,-0.958524187652911,0.855135356061569,-0.430665645166147,0.697024504533159,0.148771837605093,"WN"
"207","6b","Lush","watered","fertilized","WN","110",NA,0,0,0,0,0,0,0,0,0,0,0,0,0,0,0,0,0,0,0,0,0,0,"WN"
"208","6b","Lush","watered","none","W","104A","Native",0.0616586011869142,0.0130082006756581,0.0360432050387274,0.012911480302694,0.421632343936737,0.0250017406890362,0,-0.0729335300310413,0,-0.0389672639871152,0.06960775455486,0.0131623649049761,0.00811262073573447,-0.0438891311532454,0.0357683573713479,-0.021261417168808,-0.014015420803076,0.0193258306858706,-0.00277464212682322,-0.0130936381622144,-0.0002643973026062,0.000349902130124031,"W"
"209","6b","Lush","watered","none","W","104A","Non-Native",1.5087795992182,0.788172650757971,-0.743534888754185,0.405185770750988,23.5614633212028,1.65429640014614,0.973913043478261,-1.92191036203764,1.94782608695652,1.03591472343529,2.6193062276697,-3.34387352786052,0.260644650762856,1.37223189966533,0.604705590207245,-0.261637635755852,0.355488544515422,-1.05442473759986,0.798574736917708,-0.414003781080598,0.720253398933014,0.151866048461857,"W"
"210","6b","Lush","watered","none","W","104A",NA,0,0,0,0,0,0,0,0,0,0,0,0,0,0,0,0,0,0,0,0,0,0,"W"
"211","6b","Lush","watered","none","W","104B","Native",0.0136638991533633,0.00219088903269609,-0.0140491183082927,0.00383817020061398,0.122519673824021,0.00627438478343748,0,-0.0276905792998805,0.00966183574879227,-0.0109936727023659,0.0259451596519333,0.000735077414008769,0.00851717469380994,0.00550950853621035,-0.00631044246574955,0.0116634688209663,0.00186943911760272,-0.00339139380402543,-0.00446296336266606,-0.00720716420836618,-0.0043093264241836,0.00182388925840964,"W"
"212","6b","Lush","watered","none","W","104B","Non-Native",1.86388503702269,1.52975927335952,-1.06330534041518,0.410174108844819,21.7773583305053,1.66387346881401,0.772946859903382,-2.50411390959517,1.44444444444444,0.144144848820147,2.66653403029638,-2.57723868894398,1.28421081900858,0.673739969685791,0.218564486066934,-0.276026002887969,0.321818190925826,-0.58867279121531,0.544876404960624,-0.251759692377659,0.444669634052542,0.0870877593273538,"W"
"213","6b","Lush","watered","none","W","104B",NA,0,0,0,0,0,0,0,0,0,0,0,0,0,0,0,0,0,0,0,0,0,0,"W"
"214","6b","Lush","watered","none","W","112","Native",0.0874981888207103,0.0361570372872919,-0.0394519550593267,0.0194435960176198,0.685048468619983,0.0304686029048082,0,-0.171070649036947,0.0178571428571429,-0.0507966573524496,0.120380312955012,0.0275642628701874,0.0758660510008633,-0.00947448109360859,0.0109785773830983,0.0112804993054613,0.0228586882901373,-0.00465383432727659,-0.023086283952784,-0.00493411243797661,-0.00255956972906517,0.000274203004874928,"W"
"215","6b","Lush","watered","none","W","112","Non-Native",1.53428860540802,0.938406686863653,-0.808276719015345,0.396446863600283,22.5620380792247,1.64548449272009,0.910714285714286,-1.98906406025434,1.75892857142857,0.806250870192711,2.56479057143964,-3.11396784226327,0.459486081661644,1.17880071192707,0.460675843615201,-0.284717918120521,0.324068580980049,-0.928789075477732,0.703645288577731,-0.344419946686756,0.59740607667708,0.120896346156808,"W"
"216","6b","Lush","watered","none","W","112",NA,0,0,0,0,0,0,0,0,0,0,0,0,0,0,0,0,0,0,0,0,0,0,"W"
"217","7b","Harsh","none","fertilized","N","117","Native",0.423331547220591,-0.00625161920213813,0.634500201950342,0.118907530238102,3.47531100264876,0.215515637776437,0.0238095238095238,-0.698339062263621,0.0238095238095238,-0.19097558994042,0.689419532420173,0.0634438606458647,-0.208177262618682,-0.227544181193808,0.463841441805367,-0.136717287240485,-0.332039543194283,0.0877474754156092,-0.343060779897858,-0.105938055363394,-0.0444244331715679,0.0246469851505924,"N"
"218","7b","Harsh","none","fertilized","N","117","Non-Native",0.663688955137433,0.2699952529949,-0.285599141901465,0.307592401272482,12.375244259472,1.71821386938043,0.738095238095238,-1.24524991318104,0.738095238095238,0.570343230162331,1.91958176309902,-2.20730999061831,-0.50929889814045,0.669596506963161,-0.298011918095549,-0.479642166638028,-0.659661465569549,-1.09604795362971,-0.105228651221848,0.0962870837314367,-0.144125073861528,-0.315056809597204,"N"
"219","7b","Harsh","none","fertilized","N","117",NA,0,0,0,0,0,0,0,0,0,0,0,0,0,0,0,0,0,0,0,0,0,0,"N"
"220","7b","Harsh","none","none","C","115","Native",1.64157394724071,0.295053035753071,1.99624023955839,0.367862164263296,13.4631773658063,0.717222901878524,0.0396039603960396,-2.24261770358154,0.0693069306930693,-1.68500675192566,2.1983132925438,0.343967691200416,-0.00601414901694907,-0.837223356448705,1.46025884258005,-0.539529666265592,-1.08301090880672,1.28419856406248,-0.595879074308231,-0.554521966699446,-0.211076333461753,-0.0839704410459591,"C"
"221","7b","Harsh","none","none","C","115","Non-Native",0.132896093779678,0.09773483327165,-0.118156782330586,0.072784362284743,3.71960383185359,0.409176995736384,0.178217821782178,-0.321985458347778,0.207920792079208,0.228842680189687,0.454240233668204,-0.627159386312445,-0.132986877381747,0.242742170838785,-0.0331208669227789,-0.119995102620179,-0.0274784980359444,-0.271191496466781,-0.0191298807385142,0.0976503236016652,-0.0632249360563841,-0.0494323864198243,"C"
"222","7b","Harsh","none","none","C","115",NA,0,0,0,0,0,0,0,0,0,0,0,0,0,0,0,0,0,0,0,0,0,0,"C"
"223","7b","Harsh","none","none","C","119","Native",0.651528814342366,0.168604937211543,0.800184288978626,0.127098274859469,4.65563760295371,0.250354066318065,0,-0.776394925545591,0,-0.653261885825426,0.77494020418532,0.141579884964263,0.0845658370032986,-0.394140482414337,0.595919287745917,-0.211767021900662,-0.43972519343476,0.525592681490223,-0.206802379734469,-0.278340558388914,-0.0581478433237088,-0.0358434259141849,"C"
"224","7b","Harsh","none","none","C","119","Non-Native",0.857737582090313,0.380417414089913,-0.260981653301944,0.301337048161509,11.4372258682443,1.62092313546646,0.714285714285714,-1.20455657209903,0.714285714285714,0.243095631269892,1.88991394328852,-1.96409789023572,-0.204673388549823,0.43398844449132,-0.30197271394429,-0.476736148011877,-0.776367881194199,-0.886554250118001,0.0539511602436903,-0.145459070906721,0.0096882716756804,-0.287378005207443,"C"
"225","7b","Harsh","none","none","C","119",NA,0,0,0,0,0,0,0,0,0,0,0,0,0,0,0,0,0,0,0,0,0,0,"C"
"226","7b","Harsh","watered","fertilized","WN","116","Native",0.620245159779016,-0.601717010791642,-0.187343637647142,0.243067063153091,8.24158718704219,0.0313700606175349,0.419354838709677,-1.94081583406172,0,-1.25909266515669,1.36923230614123,0.936289449238947,0.157659204184811,0.738387375287841,-0.227923743924877,-0.651397737825125,-0.176731904310962,0.32788244405116,-0.11599756123537,0.0592352482216013,0.251544974021501,0.0094100299605684,"WN"
"227","7b","Harsh","watered","fertilized","WN","116","Non-Native",0.283062111493502,0.240108545350635,-0.311080064833927,0.196874313149747,9.7774924251477,1.16874363989619,0.483870967741935,-0.858076160693285,0.483870967741935,0.642649141336567,1.21967306299213,-1.71105720358713,-0.459179136363914,0.654515965191186,-0.167997314300684,-0.364953806596687,-0.124850321901044,-0.778785044228189,-0.141677849985796,0.359289102838377,-0.277559878831137,-0.176144280501265,"WN"
"228","7b","Harsh","watered","fertilized","WN","116",NA,0,0,0,0,0,0,0,0,0,0,0,0,0,0,0,0,0,0,0,0,0,0,"WN"
"229","7b","Harsh","watered","none","W","114","Native",0.0725456468684391,0.0171569027209615,0.0840032465314068,0.0149221833197399,0.547268008150186,0.0340608074475585,0.00335570469798658,-0.0876304379323291,0.00335570469798658,-0.0743361761413245,0.088968119144336,0.00597740860050778,0.00102415176494569,-0.0422696627558087,0.054683732979377,-0.026483781196678,-0.0463073629489791,0.0604825374856102,-0.0248190709627498,-0.0250130440605511,-0.00590661638235222,-0.00386146301618244,"W"
"230","7b","Harsh","watered","none","W","114","Non-Native",1.04279049532548,-1.64300736553011,-0.783374405972335,0.387247933411836,12.8976600919917,0.486195608689301,0.0536912751677852,-2.24483578893849,0.0838926174496644,-2.21144526528736,2.55492227622004,1.05057088261003,-0.331502295868672,0.84187786928653,-0.923022196557867,0.178995332061448,-0.236711148846876,0.462447085120455,-0.489048009574345,-1.16851313526335,-1.22200155619614,-0.354495625735288,"W"
"231","7b","Harsh","watered","none","W","114",NA,0,0,0,0,0,0,0,0,0,0,0,0,0,0,0,0,0,0,0,0,0,0,"W"
"232","7b","Harsh","watered","none","W","118","Native",0.0495728445695278,0.0128286365269652,0.0608835872048954,0.00967052091322046,0.354233295876913,0.0190486789589832,0,-0.0590735269436863,0,-0.0497047087041085,0.0589628416227961,0.0107723825516287,0.00643435716329446,-0.029988949748917,0.0453416849371893,-0.0161127081880938,-0.0334573516743839,0.0399907475046909,-0.0157349636754487,-0.0211780859643739,-0.00442429242680393,-0.00272721718912276,"W"
"233","7b","Harsh","watered","none","W","118","Non-Native",1.12590192547045,-1.18689323580025,-0.764939850284146,0.368172552988819,16.1526378005679,0.63590904853275,0.391304347826087,-2.3569987291668,0.760869565217391,-1.55338192779539,2.55880090806433,-0.19228115594758,-0.181177337383025,1.43823730174146,-0.689343826751682,0.141048339570915,0.0621708659640536,0.442040193769196,-0.557242935522713,-1.02692597223493,-0.545270899996659,-0.171520895544102,"W"
"234","7b","Harsh","watered","none","W","118",NA,0,0,0,0,0,0,0,0,0,0,0,0,0,0,0,0,0,0,0,0,0,0,"W"
"235","7b","Lush","none","fertilized","N","125","Native",0.00462965362275398,-0.00448703449536658,-0.00832387176911638,0.00232985310817416,0.0644262192231287,0.00138950624901723,0,-0.0155535935612975,0.00253164556962025,-0.00208672866776838,0.0133701610559395,0.00529721691296486,-0.000798919584675367,0.0041415367321942,-0.00290757633287906,0.00344505130171167,0.00340371240897794,-0.00660679161768879,-0.00155878919082359,-0.000219314275253714,-0.00279476001850612,0.0014447264708133,"N"
"236","7b","Lush","none","fertilized","N","125","Non-Native",1.80771444477086,1.27858944545404,-0.891774771280145,0.417966733984103,23.8535402394044,1.80984417688655,0.982278481012658,-1.98152321028978,1.69620253164557,0.408208587308628,2.6782965730279,-3.23462204696089,0.77744174895713,0.938561479492236,0.326130965759151,-0.53527431551028,0.217581523578815,-0.650282893522431,0.969780063799887,-0.446884432023931,0.582317011254319,0.126224128463403,"N"
"237","7b","Lush","none","fertilized","N","125",NA,0,0,0,0,0,0,0,0,0,0,0,0,0,0,0,0,0,0,0,0,0,0,"N"
"238","7b","Lush","none","fertilized","N","127","Native",0,0,0,0,0,0,0,0,0,0,0,0,0,0,0,0,0,0,0,0,0,0,"N"
"239","7b","Lush","none","fertilized","N","127","Non-Native",1.63634545022319,1.01378940412363,-0.823629860921197,0.416946400739673,24.0839670113114,1.77169637558133,0.997429305912596,-1.9755627517541,1.84318766066838,0.798843004251388,2.68599430144572,-3.37233879557659,0.463402014736822,1.2197005048074,0.472885780119262,-0.406188321416668,0.29366648707582,-0.91440470908824,0.856867440135277,-0.401474957355601,0.629169344968161,0.130152749370991,"N"
"240","7b","Lush","none","fertilized","N","127",NA,0,0,0,0,0,0,0,0,0,0,0,0,0,0,0,0,0,0,0,0,0,0,"N"
"241","7b","Lush","none","fertilized","N","128","Native",0.00236095753317713,0.000378559290290559,-0.00242751877280182,0.000663189675732132,0.0211699269462207,0.0010841382722634,0,-0.0047845992613316,0.00166944908180301,-0.00189957449865588,0.00448301172616878,0.000127012541485655,0.00147166541036616,0.000951976850580586,-0.00109036860635238,0.00201530721697831,0.000323016608801139,-0.000585992084668835,-0.000771146424100062,-0.00124531134485125,-0.000744599807851424,0.000315146140643402,"N"
"242","7b","Lush","none","fertilized","N","128","Non-Native",1.72492391444217,1.11730652292731,-0.882551725182478,0.417031436509183,23.7558999547435,1.74557374073044,0.96661101836394,-2.0386334325991,1.78964941569282,0.611125077100109,2.68725975231659,-3.22763126422237,0.649113778331079,1.09224065452108,0.4091333391365,-0.398942442280745,0.291489441219425,-0.803130649994856,0.873627195706592,-0.435029602190089,0.63152560606151,0.135508594933751,"N"
"243","7b","Lush","none","fertilized","N","128",NA,0,0,0,0,0,0,0,0,0,0,0,0,0,0,0,0,0,0,0,0,0,0,"N"
"244","7b","Lush","none","fertilized","N","129","Native",0.0290137464989186,0.00317341998094768,-0.00435181999173894,0.00714164018008519,0.211879611988259,0.0251031342083761,0.00714285714285714,-0.0309522241988591,0.00714285714285714,-0.0205331007417482,0.0335626604452759,-0.0152577574800816,-0.0121313653157069,-0.0218181134725429,-0.0186093927877945,-0.015262304655578,0.00327222699376933,0.00999230274348452,-0.00126035663257176,0.00688413907785851,0.00384371035753609,0.000898132416607318,"N"
"245","7b","Lush","none","fertilized","N","129","Non-Native",1.74955748039533,1.18665807905615,-0.853934347990473,0.414527420209122,23.6357166629965,1.7638415111802,0.971428571428571,-1.96344186049067,1.74285714285714,0.489178415648883,2.65514221885524,-3.21200747667652,0.686535450696681,1.00140096627725,0.378380805738401,-0.468567467364748,0.229661900320028,-0.701490491862748,0.955181912102314,-0.442178381871852,0.618751370803345,0.134079884956871,"N"
"246","7b","Lush","none","fertilized","N","129",NA,0,0,0,0,0,0,0,0,0,0,0,0,0,0,0,0,0,0,0,0,0,0,"N"
"247","7b","Lush","none","none","C","121","Native",0.00730380220135753,-0.00644100319465827,-0.000356748205803615,0.00278172313458598,0.109806784445418,0.00683923422766889,0,-0.0134864009934113,0.00617283950617284,-0.00981711349874055,0.0165938551189407,-0.000306444423772957,-0.00383566550255367,0.0027516465000024,0.00169273163749838,0.00361835926153107,-0.00173936317184162,0.00244469018945329,0.00349594134518149,-0.00405289346346175,-0.00378461884634035,-0.00344498847259849,"C"
"248","7b","Lush","none","none","C","121","Non-Native",1.60072324902473,0.961234336176852,-0.80467269296795,0.413979318234238,23.9385585436037,1.74996449018512,0.993827160493827,-1.96305484031972,1.8641975308642,0.864690927481402,2.66856428593734,-3.37417311445427,0.407633813049094,1.25652032748488,0.497808873754267,-0.376177866662672,0.307614138227618,-0.954592847940779,0.832052027846317,-0.394480543444371,0.646803630001249,0.133310923815968,"C"
"249","7b","Lush","none","none","C","121",NA,0,0,0,0,0,0,0,0,0,0,0,0,0,0,0,0,0,0,0,0,0,0,"C"
"250","7b","Lush","none","none","C","123","Native",0.0198185569870834,0.00769571112900214,0.0174972164709684,0.00464288367568576,0.165901612111124,0.00924502783098963,0,-0.0327100313583513,0.00642398286937901,-0.0189703631277579,0.0288885489038372,0.00242975068992087,0.00500930753409609,-0.00642268379312198,0.0156086567679279,0.00161807412496606,-0.0109633850092139,0.0122276302145088,-0.00747614231938015,-0.00500606623823079,-0.000440428469208435,-0.000467016892468537,"C"
"251","7b","Lush","none","none","C","123","Non-Native",1.62302536817689,0.924801748203172,-0.869528392838985,0.420149246530211,22.9603303048346,1.59539453306437,0.84796573875803,-2.27639073649612,1.65524625267666,0.527908861889191,2.65918910061266,-2.73595058338215,0.609116623381283,1.07129945248523,0.454738265097907,-0.294445257468622,0.381767878984824,-0.811489551600244,0.735107570999699,-0.258521131294134,0.561645555667956,0.084432400300416,"C"
"252","7b","Lush","none","none","C","123",NA,0,0,0,0,0,0,0,0,0,0,0,0,0,0,0,0,0,0,0,0,0,0,"C"
"253","7b","Lush","none","none","C","131","Native",0.0501888725659752,0.0127205913587152,0.026794381453673,0.0203927200588554,0.77470737618971,0.0493624694374494,0,-0.148097929414169,0.0689655172413793,-0.0563778630252195,0.123148521826193,-0.0109797638835137,-0.0011839094789606,0.0233244674359815,0.0450446783855174,0.0542114833037729,-0.0224839092126004,0.021577683308881,-0.00670515563179936,0.0154969122831015,0.00546619061090736,-0.0135310709767866,"C"
"254","7b","Lush","none","none","C","131","Non-Native",1.91294462543481,1.52889572082314,-0.985211580479884,0.39998600276857,22.8060937334684,1.78248150408157,0.931034482758621,-1.94885356277936,1.4367816091954,0.00961401002541634,2.57403093352028,-2.97607716877011,1.1373862568675,0.650399824649137,0.138737020675666,-0.670049187434998,0.163742914775181,-0.378035561566556,0.994459076721057,-0.47353185945973,0.457651882367457,0.108170052210407,"C"
"255","7b","Lush","none","none","C","131",NA,0,0,0,0,0,0,0,0,0,0,0,0,0,0,0,0,0,0,0,0,0,0,"C"
"256","7b","Lush","watered","fertilized","WN","122","Native",0.0326716004508637,0.00523861090491193,-0.0335926937767592,0.00917740696483442,0.292955457707932,0.0150026131207936,0,-0.0662106425833776,0.0231023102310231,-0.0262868510655581,0.0620371886726921,0.00175763559884275,0.0203653236490604,0.0131737258563841,-0.0150888302522625,0.0278883932699342,0.00446999551387186,-0.00810912478883308,-0.0106713430899391,-0.0172329718447568,-0.0103039834796073,0.00436108174164286,"WN"
"257","7b","Lush","watered","fertilized","WN","122","Non-Native",1.66600738345181,1.25652525819937,-0.921772023226182,0.40564660437433,22.2414179116091,1.73390991251283,0.864686468646865,-2.18430172152551,1.56435643564356,0.459778380626214,2.61630182406098,-2.93158560624335,0.794463544757223,0.908659421470636,0.27214562621638,-0.347904182707273,0.26002573198358,-0.752159280625369,0.629589922315464,-0.245757524046117,0.451376007740436,0.0818497506993904,"WN"
"258","7b","Lush","watered","fertilized","WN","122",NA,0,0,0,0,0,0,0,0,0,0,0,0,0,0,0,0,0,0,0,0,0,0,"WN"
"259","7b","Lush","watered","fertilized","WN","126","Native",0.00340004585235609,-0.00299839803889264,-0.000166072440632717,0.00129494007989347,0.0511169513797635,0.00318378145081138,0,-0.00627815218658802,0.0028735632183908,-0.00457003559424129,0.00772472565881721,-0.000142655162790859,-0.00178556842360257,0.00128093888793215,0.000787995762283727,0.00168440862174722,-0.00080970354551248,0.00113804543302136,0.00162742097103276,-0.00188669178471495,-0.00176180532502051,-0.00160370153034757,"WN"
"260","7b","Lush","watered","fertilized","WN","126","Non-Native",1.64009205401771,1.01457896186594,-0.840566147141938,0.414469353237837,23.5729605352835,1.69898750670261,0.945402298850575,-2.09457942918377,1.85632183908046,0.807360300455218,2.68285362957915,-3.22635088229086,0.539831208799246,1.20440479225998,0.506775645209453,-0.279833318781387,0.34071153206618,-0.93948155134593,0.764298917833477,-0.388865256885394,0.663741620255447,0.139931144441512,"WN"
"261","7b","Lush","watered","fertilized","WN","126",NA,0,0,0,0,0,0,0,0,0,0,0,0,0,0,0,0,0,0,0,0,0,0,"WN"
"262","7b","Lush","watered","fertilized","WN","130","Native",0,0,0,0,0,0,0,0,0,0,0,0,0,0,0,0,0,0,0,0,0,0,"WN"
"263","7b","Lush","watered","fertilized","WN","130","Non-Native",1.88257202496082,1.26430062122426,-1.14677973139296,0.416983448240253,22.0363847257331,1.62865467752866,0.814229249011858,-2.34284866042403,1.56916996047431,0.0938222701110849,2.69406995365771,-2.61755737738777,1.10578341451429,0.769781463821654,0.111617313986498,-0.255653766099538,0.347177233319079,-0.580006727031786,0.719858305567316,-0.445885950088499,0.525850839749174,0.110420087500409,"WN"
"264","7b","Lush","watered","fertilized","WN","130",NA,0,0,0,0,0,0,0,0,0,0,0,0,0,0,0,0,0,0,0,0,0,0,"WN"
"265","7b","Lush","watered","none","W","120","Native",0.048365751482362,0.0213992457032707,0.0132365896152321,0.0115105630240251,0.411502057434599,0.0226072875224444,0,-0.080275177118658,0.0135135135135135,-0.0394969630077633,0.0729338453632364,0.00399976469730617,0.0215683507209949,-0.00999777444415466,0.0212167117551142,0.00660234849260761,-0.0143812726497319,0.0142755784418863,-0.0146769507136275,-0.0140759794946501,-0.00962927321410185,0.00212571146119457,"W"
"266","7b","Lush","watered","none","W","120","Non-Native",1.70255920427015,1.15430733748507,-0.845406307526011,0.409827778840379,23.1302999277903,1.74573789535248,0.945945945945946,-1.94722297398293,1.69594594594595,0.458693700495892,2.6167146071269,-3.12763365762185,0.649199750726467,0.973744255055469,0.340996601248265,-0.450289898751818,0.213304202063252,-0.691303592133508,0.91765844693551,-0.402904609937331,0.578375313766427,0.119996640338678,"W"
"267","7b","Lush","watered","none","W","120",NA,0,0,0,0,0,0,0,0,0,0,0,0,0,0,0,0,0,0,0,0,0,0,"W"
"268","7b","Lush","watered","none","W","124","Native",0,0,0,0,0,0,0,0,0,0,0,0,0,0,0,0,0,0,0,0,0,0,"W"
"269","7b","Lush","watered","none","W","124","Non-Native",1.73756850988112,1.33721092278328,-0.99188118422424,0.412663717706669,22.3001935082259,1.71062647364564,0.831168831168831,-2.38347342846509,1.58441558441558,0.445288614192092,2.68327725562482,-2.84521218518072,0.961740312505856,0.890638801527193,0.290540281575638,-0.249677649770602,0.321809260501716,-0.776677956933326,0.5376389324869,-0.243189797302875,0.474661727067167,0.0904743504507002,"W"
"270","7b","Lush","watered","none","W","124",NA,0,0,0,0,0,0,0,0,0,0,0,0,0,0,0,0,0,0,0,0,0,0,"W"
