"","Line","habitat","watering","fertilization","WFtreatment","Plot","SCT_CWM","Mass_CWM","SCP_CWM","Carbon_CWM","CN_CWM","Length_CWM","Starch_CWM","Shape_CWM","Disp_CWM","Texture_CWM","Compact_CWM","PC1_CWM","PC2_CWM","PC3_CWM","PC4_CWM","PC5_CWM","PC6_CWM","PC7_CWM","PC8_CWM","PC9_CWM","PC10_CWM","PC11_CWM","WFtreatment_order"
"1","2","Harsh","none","fertilized","N","38",1.14736911780374,0.0338379225667777,0.0753150291709026,0.429738699941868,15.9288566144026,1.88904506245481,0.684210526315789,-1.87940896543244,0.894736842105263,-0.0775293044465059,2.64776220691908,-1.88170438996744,-0.564893761592693,0.481656481957684,-0.00341614507779131,-0.360446647988661,-0.974144836384038,-0.80367515967785,-0.0572271791350702,-0.274378535949531,-0.193368825401855,-0.422120936071415,"N"
"2","2","Harsh","none","fertilized","N","40",1.36890406588536,0.309356177093507,0.758702119849458,0.434274228710828,17.822672720884,1.50951300615956,0.395833333333333,-2.2845515737326,0.770833333333333,-0.618970600886057,2.61745768041593,-1.28246765323876,-0.415710700464328,0.0827817775391161,0.684463177504229,-0.306803998304881,-0.687286792113403,0.119381433593521,-0.287899684124563,-0.118310017833615,-0.27857443805243,-0.209521965602098,"N"
"3","2","Harsh","none","fertilized","N","44",1.4328198546032,0.192393697495585,1.55726264963216,0.44166788984751,15.3850832060167,1.22643505846227,0.325,-2.38993252473596,0.44375,-0.0189046625579625,2.64618467644725,-0.841399083157731,-0.651672804586301,-0.26690764707717,1.39306061697065,-0.481999678388831,-0.996068981332797,-0.355769114727255,-0.864445137006209,-0.296323122293632,-0.181356541585787,-0.0072372339089992,"N"
"4","2","Harsh","none","none","C","16",0.868898212380281,-2.38955725824085,-0.909256148982184,0.482883999674264,12.1471490377609,0.235308268732255,0.220125786163522,-2.39828226298951,0.238993710691824,-0.54174480042059,2.60401645815737,1.25202615609017,-1.47110207250455,0.780985419679501,-0.617289038418023,-0.118376610479984,0.288403782139425,-1.17394776928505,-0.210452915870018,-0.561043994702596,-0.411549264574884,0.0871347242755156,"C"
"5","2","Harsh","none","none","C","20",1.40842191360131,-0.956134750438252,-0.72050494997997,0.477148485206814,13.404934076595,0.779081608927269,0.285714285714286,-2.33488549817289,0.428571428571429,-0.724166481170346,2.63461036390265,0.33208450094152,-0.542858697361225,0.0509768262584921,-0.415995064344881,-0.210544291105032,-0.0109779211129478,-0.772817374300486,0.0880739837805377,-0.561755355884496,-0.183823102174056,0.069724782061331,"C"
"6","2","Harsh","none","none","C","42",1.9378462977315,0.452759838701032,1.49292308005964,0.441044285218387,16.4421440093502,1.2346403130972,0.219512195121951,-2.45596372477443,0.536585365853659,-1.52127554640489,2.67610840699549,-0.450157461925944,0.0911338280964945,-0.712110859248603,1.14462596872872,-0.391027712569865,-1.06689751896487,0.923387740086976,-0.337240448192788,-0.690549561015838,-0.0673061662655833,-0.18274107668224,"C"
"7","2","Harsh","watered","fertilized","WN","19",1.49067792706328,0.709863414653559,-0.779546550615539,0.417227389998135,23.5054254419382,1.67721400647662,0.959459459459459,-2.00991499539758,1.89189189189189,0.940667608598649,2.67311751735318,-3.24060410029302,0.180376351512316,1.35939225771941,0.488846070731141,-0.261422688357248,0.346458594469689,-1.03922535730603,0.711103257947688,-0.352814433405524,0.634001028377431,0.128554861503672,"WN"
"8","2","Harsh","watered","fertilized","WN","37",1.45261366518474,0.216913251280017,-0.281235535390147,0.42837533865611,21.2977176983859,1.50277890129517,0.632432432432432,-2.07163817111305,1.5027027027027,0.0228085326699957,2.68528961397227,-2.12590147126245,-0.0520374165649366,0.897558090672276,0.559933981050493,-0.0705489667014913,-0.0348972270551573,-0.461826424984736,0.578609051343318,-0.498478367322194,0.214944052735131,-0.110667012878275,"WN"
"9","2","Harsh","watered","fertilized","WN","39",1.23479315461275,0.383376815792275,-0.490982169226553,0.421404606725378,19.3186784774817,1.91905909004741,0.872093023255814,-1.86946656820488,1.38372093023256,0.52601525353103,2.65376058235584,-2.72949890637934,-0.244333082793105,0.977118541944794,0.0522395818281167,-0.329533566743778,-0.384106778613879,-1.08222259498309,0.322004714580951,-0.243217211424782,0.161008846183792,-0.212975488023726,"WN"
"10","2","Harsh","watered","none","W","15",0.990848855718541,-2.1133278345824,-0.878596390486418,0.415379611570209,12.9792015532849,0.255617149134659,0.092,-2.43042237790871,0.176,-1.9147154512018,2.62481560955122,1.30400198461715,-0.68777646192191,1.04484326706797,-0.912800577078278,0.185601670258885,0.0213077956651358,0.148195770165291,-0.553704545678856,-1.11462918661746,-0.986390432522374,-0.201906059166033,"W"
"11","2","Harsh","watered","none","W","41",1.2537186943666,0.16360983594562,-0.0118988558040291,0.433470386007546,16.3008649001589,1.84091131766162,0.630434782608696,-1.97448893883044,1,-0.404608900119828,2.60622041139847,-1.81988492520933,-0.514064932163729,0.317028507028903,-0.172852312159534,-0.266747765069319,-0.752014612639586,-0.405170253511855,-0.0259038096178829,-0.14447729918641,-0.101833240085984,-0.331359163797612,"W"
"12","2","Harsh","watered","none","W","43",1.15444184857512,-0.506284394304618,-0.130522189414183,0.417886935274131,17.3970269001434,1.28743184123821,0.365384615384615,-2.19233312946119,0.75,-0.950078943891198,2.62654887418033,-0.858421373035866,-0.456039998630274,0.702520417031739,-0.0375960576605773,-0.0634761070314128,-0.354402363222409,0.0279501333171357,-0.15845463018581,-0.464387986066383,-0.585061472928221,-0.347085778841572,"W"
"13","2","Lush","none","fertilized","N","18",1.2467125604692,0.674975496531909,-0.701021075981395,0.413955894842475,23.2549955871207,1.87708032257798,0.958333333333333,-1.94618944745941,1.6547619047619,1.06650682113061,2.63674154789411,-3.35839248156983,-0.108025485725214,1.38682553663039,0.371999633129544,-0.409201915382515,0.220355865261435,-1.16082193866184,0.483138315529281,-0.0529650678658678,0.270628983119745,-0.0134067346102083,"N"
"14","2","Lush","none","fertilized","N","24",1.53648219583548,0.810343414744774,-0.767551551609319,0.417586433654269,23.9583019178624,1.68397416893116,0.975460122699386,-1.99619897950459,1.97546012269939,1.0120560300772,2.68900299822424,-3.34860682922148,0.268597386014587,1.37779357293399,0.601854382447106,-0.238244231958384,0.350330356911159,-1.06844224370689,0.810720540008388,-0.400084872065149,0.711018412316502,0.155459906399888,"N"
"15","2","Lush","none","fertilized","N","26",1.47204745972428,0.779171914426224,-0.779206473295338,0.416006787783192,23.677279387413,1.71277548990317,0.96031746031746,-2.01328763564876,1.88888888888889,1.01978782019493,2.67689127251979,-3.31210057360301,0.209068574233395,1.37679736279668,0.534308598167343,-0.259986938012208,0.339967255258018,-1.09804021427159,0.708137869528881,-0.318454672260134,0.601085109825697,0.118068321408347,"N"
"16","2","Lush","none","fertilized","N","31",1.52125054767881,0.813453939603238,-0.767557383147596,0.41915791199796,23.7714436712285,1.70911051594334,0.966131907308378,-1.98787628120143,1.94117647058824,0.949075323793392,2.68339372761035,-3.31519692919054,0.2423858213643,1.33352738403903,0.547220888606059,-0.246779079370412,0.317933927418322,-1.03791055123962,0.808193105247067,-0.361174874370815,0.67063427462832,0.136760714791954,"N"
"17","2","Lush","none","fertilized","N","34",1.25127356903923,0.745933812224415,-0.766550860954018,0.412099736441709,23.4723285467792,1.91349155833083,0.989071038251366,-1.91601961337228,1.66666666666667,1.12071494942962,2.63631466584929,-3.4747109911606,-0.0665155197055219,1.41831033574475,0.335871790604014,-0.443548986404479,0.236192788359957,-1.20165152892781,0.508480116681718,-0.0488683737257787,0.267610583731212,-0.000286914891865062,"N"
"18","2","Lush","none","none","C","14",1.15754146766927,0.131045333224804,0.00325603811915969,0.429964967572618,18.6452601158717,1.79534020297719,0.58955223880597,-2.07922839529492,0.902985074626866,-0.391585598261361,2.50734596920064,-1.9563798253622,-0.813503543858539,0.395289865388021,-0.203639542761258,-0.472040764486407,-0.222810413804813,-0.0398405258630195,-0.260999218343148,0.278236436570916,-0.332351146772155,-0.237732539877024,"C"
"19","2","Lush","none","none","C","21",1.60244993046108,0.911933086346446,-0.775650951937913,0.417914916834863,23.400636061327,1.71970756948282,0.933734939759036,-2.01093209210976,1.77710843373494,0.678415292926202,2.67946060289166,-3.15742460243996,0.390481761217737,1.15424457001352,0.433681675873583,-0.33635599117049,0.260019302470116,-0.854508626935554,0.762828234889839,-0.391336071478448,0.554438549378281,0.113343002668155,"C"
"20","2","Lush","none","none","C","28",1.61821035204198,0.941870213885899,-0.81506398057924,0.418070971287527,23.884690725076,1.70500611597127,0.967032967032967,-2.03867743391068,1.86813186813187,0.841121942257124,2.69010378042834,-3.26595441759593,0.443777898387079,1.24750082182271,0.529150340217977,-0.325188392802102,0.333273909586004,-0.96092297252053,0.822695696886204,-0.400170585329157,0.663024694190478,0.142402042112081,"C"
"21","2","Lush","none","none","C","29",1.504701742425,0.811174200769059,-0.805479688177457,0.41612490106296,23.5866972004273,1.67648444106864,0.933014354066986,-2.03897403732009,1.89473684210526,0.936002047763237,2.68358701773194,-3.23106695041161,0.28739548841642,1.34469856251318,0.533653518808557,-0.207440833069287,0.347302882868968,-1.04763536908253,0.733964537519341,-0.35616395384396,0.602410531870796,0.133021505994245,"C"
"22","2","Lush","none","none","C","35",1.48227198995676,0.801869131342322,-0.785701533255548,0.415601284395068,23.8361882826995,1.71939088345133,0.973509933774835,-1.99779780049579,1.9205298013245,1.04714589045272,2.67884632749217,-3.36837052778836,0.221048074279578,1.39442967532563,0.548572829236561,-0.260534296770043,0.347919488580067,-1.1058573213386,0.734884619169517,-0.332211561544966,0.627559467992942,0.129272503920298,"C"
"23","2","Lush","watered","fertilized","WN","17",1.28508355216028,0.468174269883174,-0.878459961221187,0.419151890004116,20.3433097179147,1.68075601005252,0.651245551601424,-2.2507918097339,1.29537366548043,0.197324596351945,2.63035996875483,-2.24802800961542,0.100470565049712,0.951709775257653,-0.0287042094874258,-0.102195694454996,0.182717344555314,-0.768048125994525,0.269122784659946,-0.0556176024932456,-0.0632061610616786,-0.153878397724782,"WN"
"24","2","Lush","watered","fertilized","WN","22",1.54991062134817,0.803002585540212,-0.760331430382851,0.416499922996793,24.1448514950022,1.69258114727746,0.993197278911565,-1.98664053376406,1.98299319727891,1.04814849985936,2.68955074636927,-3.40030728984348,0.272657709265364,1.39726346219276,0.62145728481321,-0.272088139852194,0.364598274663243,-1.07697172388886,0.812593917866017,-0.419571461472756,0.730621065924545,0.151173610680715,"WN"
"25","2","Lush","watered","fertilized","WN","25",1.50763077306796,0.890514127056291,-0.898293550727767,0.416807888590542,23.2858904253592,1.62207665642914,0.889380530973451,-2.13627141430065,1.8716814159292,0.902395476971469,2.68871207385559,-3.09311642883995,0.407535113909021,1.32129104150134,0.512602045273789,-0.123961785595644,0.391141716530767,-1.07415154951995,0.71225866810453,-0.31600473179497,0.578943320534211,0.165516717468773,"WN"
"26","2","Lush","watered","fertilized","WN","30",1.58850695168074,0.86268048483448,-0.808555117578111,0.418036634420669,23.9794806159251,1.70438252354209,0.965116279069767,-2.02883714696024,1.7906976744186,0.816848041121175,2.68770887717083,-3.21255663699423,0.399684996526976,1.26880010647734,0.516536952788674,-0.392188378731529,0.331557003263277,-0.955902794398293,0.806645918552656,-0.393581189174928,0.584575882190596,0.108409225637321,"WN"
"27","2","Lush","watered","fertilized","WN","32",1.49680275379859,0.795049684133693,-0.804275531912922,0.416836905144818,23.7711481625267,1.70476794639185,0.943820224719101,-1.98348842674892,1.83895131086142,0.872343701951536,2.68319569638481,-3.23499249654705,0.266793807747785,1.33847924796864,0.501274631198433,-0.28376144437781,0.311640017908371,-1.00908662625959,0.780461908914798,-0.366661462027385,0.533974828163494,0.109503607643213,"WN"
"28","2","Lush","watered","none","W","13",1.29907138144709,0.61943714295705,-0.562416677641356,0.417082975424943,22.5251053181696,1.76116470360284,0.83710407239819,-2.03211500792605,1.68325791855204,0.813951190077702,2.64801507142697,-3.02789278443114,-0.0771046413380266,1.23213390721794,0.464666777117741,-0.193399130279531,0.16768505497226,-0.968492159519172,0.46137129034079,-0.133303364410044,0.294880290600388,-0.0131325813703983,"W"
"29","2","Lush","watered","none","W","23",1.53754779296114,0.828125063202852,-0.779271969747897,0.416138904158487,23.9319323355686,1.68600218441019,0.969827586206897,-2.01008204100137,1.94827586206897,1.00421855412615,2.68777347673642,-3.33893307486329,0.29448971182387,1.3717762467707,0.590070959095614,-0.246664369012267,0.356669353031838,-1.06384049867855,0.780948686767034,-0.394438992694592,0.681239613748815,0.150596123871822,"W"
"30","2","Lush","watered","none","W","27",1.512288432047,0.771349422791332,-0.749099240207336,0.422286264843936,23.6061113080644,1.6708218363,0.932432432432432,-2.01661314153224,1.91891891891892,0.862014545595133,2.6880420805514,-3.17371017392585,0.237504388965668,1.30691693602686,0.562294754437667,-0.20976848507664,0.29921219321229,-1.000301470639,0.832254152478735,-0.357684201510869,0.650972267593731,0.12846205580646,"W"
"31","2","Lush","watered","none","W","33",1.52503685073395,0.828345212397891,-0.824737365433828,0.416283378042088,23.7591975740504,1.67400704372331,0.955465587044534,-2.03640074037202,1.91497975708502,0.956940466321177,2.6817665871999,-3.27651492202155,0.30195674485999,1.35817171955025,0.527705741562268,-0.238480432827834,0.376498664591795,-1.04668384163533,0.752377420494199,-0.359629646075676,0.645090430421867,0.154075962389797,"W"
"32","2","Lush","watered","none","W","36",1.4986889115548,0.531778404036032,-0.605616048288357,0.42145049048511,23.0991645475506,1.60847519024499,0.839195979899497,-2.01189844704384,1.80904522613065,0.612986442365847,2.68561956681494,-2.8792436351082,0.12119666397626,1.21908852138964,0.570089459554276,-0.16281456234924,0.238036592979548,-0.811809524518725,0.744910540946402,-0.450927150905587,0.511020405715506,0.0428171770722591,"W"
"33","3","Harsh","none","fertilized","N","45",1.27622867493658,-0.500470048015069,-0.0925426889256957,0.449058074400806,18.0925588217932,1.33590393565223,0.2375,-2.12957124527968,1.05,-1.07660535143466,2.67109287244027,-0.740846872230107,-0.468961595283182,0.404409201505837,0.238137665710535,0.245182472807433,-0.337784629437186,0.070100509863089,0.504076056453963,-0.479360658639761,-0.354078604401406,-0.408774392803298,"N"
"34","3","Harsh","none","fertilized","N","49",0.64203616593767,0.513869241918045,-0.33147338054361,0.408821315492567,20.6138477441593,2.25547955228589,0.884892086330935,-1.90870440260504,0.884892086330935,1.21190215592754,2.51480601981268,-3.25279181797998,-0.954618081526592,1.20110112284552,-0.0382244703233052,-0.768477156614169,-0.192871397536146,-1.36771891644493,-0.437088660319411,0.765862580446785,-0.649409496425538,-0.29760167805425,"N"
"35","3","Harsh","none","fertilized","N","53",1.17814022160292,0.668444410016343,-0.563345525304537,0.413852555654384,22.4555954335521,1.76713764985228,0.776536312849162,-2.10910585873111,1.70949720670391,0.868777075991717,2.63152819341943,-3.02889561877106,-0.149933129415,1.29178136671649,0.4704980846347,-0.0367030930768606,0.217497036598235,-0.977920067948318,0.334262893848189,0.0453875456707602,0.18860593379642,-0.0143047530862903,"N"
"36","3","Harsh","none","none","C","47",0.823243012496374,0.345006104900388,-0.319871109261199,0.416516296039212,19.7732218643575,2.1488332284931,0.850467289719626,-1.93567955015157,0.94392523364486,0.389339213303244,2.45204607254438,-2.89850371861517,-1.06660816948652,0.886070319705402,-0.493262820068129,-0.747875061266166,-0.122699580586898,-0.610203832079255,-0.432409913733284,0.746282758293172,-0.453236747615829,-0.243159281449756,"C"
"37","3","Harsh","none","none","C","52",1.15801458864585,0.545917324402825,0.180355805728431,0.420758386790647,19.7044334145061,1.15774858878915,0.0539419087136929,-2.80199714102539,1.73029045643154,-0.357216158911913,2.64494761700828,-1.29450692771927,-0.0783832940242307,0.723738745317441,1.03106570646996,1.15669493008323,0.128863968562047,0.0955027992156387,-0.100463726646965,0.138877417614905,-0.0591523531952703,-0.0143436312720601,"C"
"38","3","Harsh","watered","fertilized","WN","46",0.903533563327947,0.194968916570178,-0.426838777081697,0.420972148150003,16.4972959726149,2.19143570813968,0.941176470588235,-1.7392779239151,0.970588235294118,0.675624920339151,2.59995276168691,-2.71878091453808,-0.734402193526019,0.891648027071942,-0.417883176468074,-0.589215092231441,-0.801034561971518,-1.4456880278464,-0.140768505617594,0.0880165559323171,-0.201026300752451,-0.392515361554427,"WN"
"39","3","Harsh","watered","fertilized","WN","51",1.26449155551986,0.716834272585083,-0.621067381265073,0.414472440789142,22.9405848055797,1.78147488690624,0.868995633187773,-2.05209890947144,1.75545851528384,0.965699214854791,2.64042296363812,-3.19845858958063,-0.0682205818697549,1.33095976972852,0.474409433769096,-0.177289930031645,0.244216523048794,-1.04108310772656,0.443382607500604,-0.0463411568153165,0.329134435242013,0.0313652699057942,"WN"
"40","3","Harsh","watered","fertilized","WN","54",1.47820910539255,0.547721943045662,-0.757524478346522,0.423174552873197,23.2638145589512,1.59513014022478,0.917241379310345,-2.07553405375417,1.84137931034483,0.81955744980593,2.67497002694711,-2.98079817501579,0.128520555915717,1.33535236083573,0.497775833370383,-0.246123390749361,0.363817816570028,-0.988730909951581,0.72685894727497,-0.345678768913702,0.632024517476848,0.105638027951634,"WN"
"41","3","Harsh","watered","none","W","48",0.952122761757706,-0.984814850802222,-0.637168121932731,0.301212956545067,19.5412144128749,0.738780397545634,0.987341772151899,-2.74962805770103,1.72151898734177,-1.06276473732531,2.46488911219901,-1.92397162028972,-0.343855882639896,2.85001028159049,-0.963919752999257,0.109414773430886,0.484691112007121,1.01128991400856,-1.59376630246642,-0.637448352162751,0.36964498428903,0.0318524368954302,"W"
"42","3","Harsh","watered","none","W","50",0.669641953049157,0.414157893265256,-0.48032636262556,0.414433205020616,20.2234607968044,2.23453070017385,0.896551724137931,-1.89368414172016,0.896551724137931,1.05061108346537,2.52559062646018,-3.10993718817802,-0.910202978776396,1.1911849892354,-0.192056799807362,-0.752357534401428,-0.214253773580289,-1.3590191426642,-0.288442453854672,0.697676918810612,-0.590054570730354,-0.322556970132955,"W"
"43","3","Lush","none","fertilized","N","55",1.55380987872273,0.84075048748652,-0.789351964433671,0.416143266400648,24.0644764985513,1.69161071231997,0.985294117647059,-1.99776168834665,1.97549019607843,1.02413039560509,2.6895831960985,-3.38491241777525,0.30825182361003,1.38311938737982,0.596677731430367,-0.256126757755969,0.366193442323797,-1.06989440380929,0.809677633324094,-0.411445776016976,0.715668562570009,0.158511005030745,"N"
"44","3","Lush","watered","fertilized","WN","56",1.53398646173539,0.784727610079283,-0.767905827140447,0.416647867447508,23.930981944388,1.67837460720529,0.96875,-1.99977372955566,1.95888157894737,0.99623119005815,2.68839567004833,-3.32584940477233,0.265941116183666,1.3806648001051,0.595026223775376,-0.239551814633861,0.354833967812478,-1.05740149827038,0.792340549772252,-0.410589339172485,0.690492786207816,0.144281818408141,"WN"
"45","4","Harsh","none","fertilized","N","59",0.528981861874685,0.498580283474055,-0.715421369391121,0.40647458977598,21.4313387896601,2.36056087976757,0.961538461538462,-1.84244101495257,1.02307692307692,1.41042040670868,2.50318916553062,-3.56896920453263,-0.98732995965705,1.46996606000909,-0.268458538953329,-0.733525224897229,-0.00493268115993118,-1.56777078838031,-0.28238232169533,0.884317031545755,-0.657833989469608,-0.319883630300007,"N"
"46","4","Harsh","none","fertilized","N","66",1.0768711304149,0.300459247297933,0.531348070919824,0.426557014290538,17.9590217767636,1.67510387805053,0.539772727272727,-2.1917814991091,0.744318181818182,0.248521472375026,2.59779618580386,-1.82372760189843,-0.677253887455434,0.464297466715532,0.618146574922627,-0.441430016510112,-0.59908001801372,-0.635200200077991,-0.492689923364866,0.139959468062017,-0.398678347938809,-0.193929581270009,"N"
"47","4","Harsh","none","none","C","57",1.35365842318956,0.496361786532081,0.608518939437309,0.429284055289932,19.06075419462,1.10277155908468,0.0540540540540541,-2.77302943741723,1.43243243243243,-0.631215603164231,2.65038908144152,-0.979412857354924,-0.0836996437475105,0.336302405943033,1.19087751503338,0.797295317874308,-0.116289435300865,0.338506935633063,-0.184311611305254,-0.0321905799480755,-0.046166845583721,-0.0163544289658359,"C"
"48","4","Harsh","none","none","C","62",1.32320393314216,0.514724009160106,0.571373656518134,0.42726343781185,19.4070204990402,1.1272335585648,0.0714285714285714,-2.74679402582639,1.47619047619048,-0.522939021583347,2.6573550322851,-1.09131791311707,-0.0770356967785144,0.426244379303319,1.22975600382782,0.814673394917011,-0.100302690075824,0.255739931158114,-0.144926820210785,-0.0347115291677904,-0.0539524694887476,-0.0219983261195454,"C"
"49","4","Harsh","none","none","C","64",1.45418055050788,-0.142804849620987,0.638043875945861,0.441329630424191,18.1276875105062,1.15621121114996,0.0666666666666667,-2.43643277255225,0.955555555555556,-1.2744432212436,2.65100621851539,-0.488101792512905,-0.333205616929527,0.0258933157503844,0.803390160767775,0.303392134643058,-0.377525487501068,0.60994951338214,0.0149644155403304,-0.405433638038633,-0.338785628073964,-0.273374774666809,"C"
"50","4","Harsh","none","none","C","68",1.39569782715956,0.0616253018386583,-0.154226021428909,0.434917818869342,18.7865910055757,1.2268713454243,0.166666666666667,-2.45983234382702,1.38888888888889,-0.846675345322774,2.6562896667793,-1.00090476970472,-0.0802886705456759,0.433071991051588,0.456257284453797,0.637639785428565,0.0156388468281148,0.162119953959545,0.27504232571165,-0.315046513696547,-0.104057799468059,-0.176239874418945,"C"
"51","4","Harsh","watered","fertilized","WN","58",0.999248877529456,-0.478722719818784,-0.203394237120149,0.44706138846069,17.2557175207857,1.50011208972623,0.307692307692308,-2.10499250466097,1.14102564102564,-0.593245505307958,2.56053601423222,-1.20202432267499,-1.03535195739949,0.477459971246799,-0.151184809414059,0.272452837293901,-0.142521220603394,-0.182229971079597,0.0747744508396217,0.0764318282321369,-0.361895535800634,-0.296243520347926,"WN"
"52","4","Harsh","watered","fertilized","WN","65",1.00669721180563,-0.614090031746803,-0.151381557529928,0.443788621458007,18.4410843588962,1.41692029684098,0.257142857142857,-2.10256208990525,1,-0.894124144979457,2.64282376656648,-0.88340319099215,-0.737510623274303,0.67209251987252,0.14329300553959,0.233453209947566,-0.310064620904585,-0.071205752172742,0.372800128374942,-0.226591663955975,-0.583530746152791,-0.471889546499715,"WN"
"53","4","Harsh","watered","none","W","63",1.05281008510101,0.0787593936146832,-0.00321689188399751,0.42637559603725,19.4873586441143,1.44915608936516,0.26984126984127,-2.3645482977875,1.38095238095238,-0.415470646576186,2.60177046191681,-1.52099225551351,-0.53778318504955,0.736775434500487,0.441485335960278,0.50644869687807,-0.0422702884284909,-0.0323590186358075,0.00702827402999549,0.106011535229668,-0.300934309670829,-0.225308620635176,"W"
"54","4","Harsh","watered","none","W","67",1.09945219842104,-0.0960450716628405,-0.01249422519188,0.435134983768873,19.0347430208793,1.38077219783187,0.25,-2.35115805093692,1.15625,-0.512381769030861,2.63329822407031,-1.17675700741319,-0.476876388753677,0.638730530181256,0.474026718030475,0.344782531407557,-0.13541994500456,-0.133640432456083,0.113375539120245,-0.0427565747854532,-0.387126426301271,-0.280985747484353,"W"
"55","4","Harsh","watered","none","W","69",1.12278502575586,0.441382796984065,-0.141007014869235,0.421712066377402,19.8262503072905,1.77777579225983,0.583333333333333,-2.1845406725322,1,0.189478887312347,2.588199297473,-2.18018567957047,-0.391288217113376,0.696437076962138,0.26343322981162,-0.312278184061322,-0.163673048905368,-0.581042113787265,-0.125333715168353,0.196457104052319,-0.361379239903108,-0.21661645226702,"W"
"56","4","Lush","none","none","C","60",1.78841595212024,1.14704281324446,-0.824922690408013,0.423020048681045,23.5027181592704,1.75749881304435,0.916666666666667,-2.01873893735485,1.65,0.255579347467132,2.69420023821629,-3.00236501347365,0.710425910042328,0.888217963783001,0.340203088689129,-0.463894091266968,0.173842721171611,-0.57120273317843,0.95039237445095,-0.468072612922093,0.516225911192555,0.0908860340696524,"C"
"57","4","Lush","watered","none","W","61",1.97413216233716,1.55233463175271,-0.973779403678475,0.420105797200083,24.0987567513829,1.87285612701271,1,-2.00505952296916,1.58333333333333,0.132634734013719,2.69766447102595,-3.21986954891019,1.08733925187813,0.747010774703982,0.215785251685517,-0.687207989735724,0.170814037265082,-0.456850953480149,1.05938424696129,-0.492687510128798,0.544526623214413,0.127459536933771,"W"
"58","6b","Harsh","none","fertilized","N","101",1.66842797342596,0.290345456523281,1.22190031977806,0.455885371542894,17.7064708851292,1.12289652448319,0.257142857142857,-2.62839434523454,0.285714285714286,-0.879393956893311,2.68109446046473,-0.304163840711686,-0.0428773381832095,-0.356521368648307,1.32216532501667,-0.661891712225279,-0.751577323194286,0.255564551482717,-0.288488870524104,-0.311368609987161,-0.258534402099543,-0.124810819740684,"N"
"59","6b","Harsh","none","none","C","103",2.2110070271212,0.760457441163327,0.119605685863199,0.449414595544751,17.697151456877,1.23011835463573,0.166666666666667,-2.59616105351492,1.08333333333333,-1.76451876351648,2.65328343802651,-0.644623573282194,0.715995675474923,-0.719266985487208,0.351102552875546,0.136481918556682,-0.150070217758754,0.997148139868537,0.338508319827576,-0.621400513220656,0.265308954550026,-0.0412861099088109,"C"
"60","6b","Harsh","watered","fertilized","WN","100",1.43565286132521,0.65119277940826,-0.648453796927229,0.426496067113691,21.9004444624339,1.74817123926145,0.921875,-1.95471300643562,1.828125,0.721401610951798,2.68012574607185,-3.0206884710041,0.054025595665003,1.16653233802118,0.38136184529043,-0.186467264884078,0.0257331921340564,-1.02199263224075,0.733443508283387,-0.325532952989204,0.601032127806345,0.0409825508117257,"WN"
"61","6b","Harsh","watered","fertilized","WN","102",1.74192054599339,1.30658472612202,-1.08322448817079,0.413670878479996,16.4537935246007,1.64235854557528,0.558823529411765,-2.80376352152863,0.632352941176471,-0.994817113295141,2.65689530751412,-1.2712673647166,1.3518292100541,0.132846723173313,-0.595893440971518,-0.311318822246929,-0.251490751425065,-0.201743702339729,-0.100500531393977,-0.0933211463277877,-0.179629121124323,-0.193850846295161,"WN"
"62","6b","Lush","none","fertilized","N","105B",1.62938854570534,0.938524216978211,-0.803821477238866,0.418447344601552,24.0879586558611,1.71996106404663,0.986198243412798,-2.00102468974673,1.90025094102886,0.83992440713474,2.6908614133688,-3.32591364016088,0.427488382934866,1.26025434480041,0.535433869691704,-0.343945365787437,0.326277026640001,-0.941507366600284,0.869786307484902,-0.422390924994869,0.692067907954405,0.143909258731844,"N"
"63","6b","Lush","none","fertilized","N","111",1.67602460954332,1.02501876199393,-0.8397595803531,0.418244576858985,23.9507890716131,1.73726851190073,0.979527559055118,-2.01379379178197,1.84566929133858,0.726154694287526,2.69079975167215,-3.28503488935404,0.528838584895119,1.17779241343599,0.470864040387997,-0.377370806529077,0.304522353876415,-0.872265416222447,0.875592351584907,-0.428745948557236,0.660410445355759,0.139512680158337,"N"
"64","6b","Lush","none","none","C","105A",1.62412594932762,0.969585645282256,-0.813861166509663,0.416692734927521,24.0766432912751,1.74648321531627,0.995633187772926,-1.98353283692197,1.882096069869,0.857480881335202,2.68785479013957,-3.37482443730337,0.432073475703117,1.25905462159358,0.509484706855174,-0.367350309483574,0.315088833205751,-0.953162416071019,0.846216042905452,-0.414542575440785,0.663748401309181,0.14057145315616,"C"
"65","6b","Lush","none","none","C","107",2.3103800363373,2.14631326282173,-1.19077586979555,0.423877558892029,23.1635340191521,1.9673530381805,0.925925925925926,-2.08361964205232,1.1358024691358,-0.852471696067924,2.70157799403915,-2.77518376776746,1.8022834920467,0.10172685089062,-0.240567548547994,-0.95329758513076,-0.0344704137455348,0.146363757091374,1.1858230735939,-0.540769091406329,0.265540912004426,0.0916942898518462,"C"
"66","6b","Lush","none","none","C","109",1.68409780823532,1.05353274731536,-0.812393483617434,0.42517652432194,23.4718373667419,1.73614947626963,0.943609022556391,-2.01880598947679,1.80075187969925,0.472443951171673,2.69071921897335,-3.09821091241262,0.534547581651363,1.0464246935445,0.392611324116961,-0.352919873944428,0.199048323328275,-0.731056296273496,0.948536162744229,-0.390580700583508,0.632588872750865,0.128203453300921,"C"
"67","6b","Lush","watered","fertilized","WN","106",1.62501586035093,0.962132100169761,-0.81858726221723,0.416835386423477,23.7607542447212,1.70321871599924,0.96,-2.05443438879337,1.89454545454545,0.837345559839762,2.69072003755971,-3.27024686664669,0.466256385486617,1.24288269954553,0.525747986770363,-0.280927735972638,0.332047450070818,-0.954761270940894,0.80391739702999,-0.405847970633955,0.682568337507398,0.144619083734318,"WN"
"68","6b","Lush","watered","fertilized","WN","108",1.54549793711638,0.827093925119166,-0.765886757924136,0.417173112582189,24.0435708749988,1.71289452290516,0.990811638591118,-1.97404425032839,1.96477794793262,1.00039393650438,2.6865692288289,-3.393704656892,0.270185894045058,1.36712925930396,0.580460014131135,-0.279016166005956,0.337583455429782,-1.05070898951757,0.819028723821536,-0.399763375887066,0.705140407608902,0.144973401026883,"WN"
"69","6b","Lush","watered","fertilized","WN","110",1.62025958620219,0.929319554924002,-0.802693975216802,0.417133397494954,24.0402956058449,1.71881797008943,0.987522281639929,-1.98782426009528,1.9144385026738,0.871635605687387,2.69069077828484,-3.35079167760943,0.410523542824717,1.27826116591748,0.537126713867825,-0.32631889428424,0.325077926257557,-0.963024909378802,0.852676607179458,-0.435641517979335,0.691793476370903,0.149372896650276,"WN"
"70","6b","Lush","watered","none","W","104A",1.57043820040511,0.801180851433629,-0.707491683715458,0.418097251053682,23.9830956651396,1.67929814083518,0.973913043478261,-1.99484389206868,1.94782608695652,0.996947459448173,2.68891398222456,-3.33071116295555,0.268757271498591,1.32834276851209,0.640473947578592,-0.28289905292466,0.341473123712346,-1.03509890691399,0.795800094790885,-0.427097419242812,0.719989001630408,0.152215950591981,"W"
"71","6b","Lush","watered","none","W","104B",1.87754893617606,1.53195016239222,-1.07735445872347,0.414012279045433,21.8998780043293,1.67014785359744,0.772946859903382,-2.53180448889505,1.45410628019324,0.133151176117781,2.69247918994831,-2.57650361152997,1.29272799370239,0.679249478222001,0.212254043601185,-0.264362534067002,0.323687630043429,-0.592064185019336,0.540413441597958,-0.258966856586025,0.440360307628359,0.0889116485857634,"W"
"72","6b","Lush","watered","none","W","112",1.62178679422873,0.974563724150945,-0.847728674074671,0.415890459617903,23.2470865478447,1.67595309562489,0.910714285714286,-2.16013470929128,1.77678571428571,0.755454212840262,2.68517088439465,-3.08640357939308,0.535352132662508,1.16932623083346,0.471654420998299,-0.27343741881506,0.346927269270186,-0.933442909805008,0.680559004624947,-0.349354059124733,0.594846506948015,0.121170549161683,"W"
"73","7b","Harsh","none","fertilized","N","117",1.08702050235802,0.263743633792762,0.348901060048877,0.426499931510584,15.8505552621207,1.93372950715687,0.761904761904762,-1.94358897544466,0.761904761904762,0.379367640221911,2.6090012955192,-2.14386612997245,-0.717476160759133,0.442052325769353,0.165829523709819,-0.616359453878514,-0.991701008763832,-1.0083004782141,-0.448289431119707,-0.00965097163195771,-0.188549507033096,-0.290409824446612,"N"
"74","7b","Harsh","none","none","C","115",1.77447004102039,0.392787869024721,1.8780834572278,0.440646526548039,17.1827811976599,1.12639989761491,0.217821782178218,-2.56460316192932,0.277227722772277,-1.45616407173597,2.652553526212,-0.283191695112029,-0.139001026398696,-0.59448118560992,1.42713797565727,-0.659524768885771,-1.11048940684266,1.0130070675957,-0.615008955046745,-0.45687164309778,-0.274301269518137,-0.133402827465783,"C"
"75","7b","Harsh","none","none","C","119",1.50926639643268,0.549022351301456,0.539202635676681,0.428435323020978,16.092863471198,1.87127720178453,0.714285714285714,-1.98095149764462,0.714285714285714,-0.410166254555533,2.66485414747384,-1.82251800527146,-0.120107551546524,0.0398479620769824,0.293946573801627,-0.688503169912539,-1.21609307462896,-0.360961568627778,-0.152851219490778,-0.423799629295635,-0.0484595716480285,-0.323221431121628,"C"
"76","7b","Harsh","watered","fertilized","WN","116",0.903307271272518,-0.361608465441007,-0.498423702481069,0.439941376302838,18.0190796121899,1.20011370051372,0.903225806451613,-2.79889199475501,0.483870967741935,-0.616443523820119,2.58890536913336,-0.774767754348178,-0.301519932179103,1.39290334047903,-0.395921058225561,-1.01635154442181,-0.301582226212006,-0.450902600177029,-0.257675411221166,0.418524351059978,-0.0260149048096352,-0.166734250540697,"WN"
"77","7b","Harsh","watered","none","W","114",1.11533614219392,-1.62585046280915,-0.699371159440928,0.402170116731575,13.4449281001419,0.520256416136859,0.0570469798657718,-2.33246622687082,0.087248322147651,-2.28578144142868,2.64389039536437,1.05654829121053,-0.330478144103727,0.799608206530721,-0.86833846357849,0.15251155086477,-0.283018511795855,0.522929622606065,-0.513867080537095,-1.1935261793239,-1.2279081725785,-0.35835708875147,"W"
"78","7b","Harsh","watered","none","W","118",1.17547477003998,-1.17406459927328,-0.704056263079251,0.377843073902039,16.5068710964448,0.654957727491733,0.391304347826087,-2.41607225611049,0.760869565217391,-1.6030866364995,2.61776374968713,-0.181508773395951,-0.174742980219731,1.40824835199254,-0.644002141814493,0.124935631382821,0.0287135142896696,0.482030941273887,-0.572977899198162,-1.04810405819931,-0.549695192423463,-0.174248112733225,"W"
"79","7b","Lush","none","fertilized","N","125",1.81234409839361,1.27410241095867,-0.900098643049261,0.420296587092277,23.9179664586276,1.81123368313557,0.982278481012658,-1.99707680385108,1.69873417721519,0.406121858640859,2.69166673408384,-3.22932483004793,0.776642829372455,0.94270301622443,0.323223389426272,-0.531829264208568,0.220985235987793,-0.65688968514012,0.968221274609063,-0.447103746299185,0.579522251235812,0.127668854934217,"N"
"80","7b","Lush","none","fertilized","N","127",1.63634545022319,1.01378940412363,-0.823629860921197,0.416946400739673,24.0839670113114,1.77169637558133,0.997429305912596,-1.9755627517541,1.84318766066838,0.798843004251388,2.68599430144572,-3.37233879557659,0.463402014736822,1.2197005048074,0.472885780119262,-0.406188321416668,0.29366648707582,-0.91440470908824,0.856867440135277,-0.401474957355601,0.629169344968161,0.130152749370991,"N"
"81","7b","Lush","none","fertilized","N","128",1.72728487197535,1.1176850822176,-0.88497924395528,0.417694626184915,23.7770698816898,1.7466578790027,0.96661101836394,-2.04341803186044,1.79131886477462,0.609225502601453,2.69174276404276,-3.22750425168088,0.650585443741445,1.09319263137166,0.408042970530147,-0.396927135063767,0.291812457828226,-0.803716642079525,0.872856049282492,-0.43627491353494,0.630781006253659,0.135823741074395,"N"
"82","7b","Lush","none","fertilized","N","129",1.77857122689424,1.1898314990371,-0.858286167982212,0.421669060389207,23.8475962749848,1.78894464538857,0.978571428571429,-1.99439408468953,1.75,0.468645314907135,2.68870487930051,-3.22726523415661,0.674404085380974,0.979582852804709,0.359771412950607,-0.483829772020326,0.232934127313797,-0.691498189119263,0.953921555469742,-0.435294242793993,0.622595081160881,0.134978017373479,"N"
"83","7b","Lush","none","none","C","121",1.60802705122609,0.954793332982194,-0.805029441173754,0.416761041368824,24.0483653280491,1.75680372441278,0.993827160493827,-1.97654124131313,1.87037037037037,0.854873813982661,2.68515814105628,-3.37447955887804,0.403798147546541,1.25927197398488,0.499501605391766,-0.372559507401141,0.305874775055776,-0.952148157751326,0.835547969191499,-0.398533436907833,0.643019011154909,0.129865935343369,"C"
"84","7b","Lush","none","none","C","123",1.64284392516398,0.932497459332174,-0.852031176368016,0.424792130205896,23.1262319169457,1.60463956089536,0.84796573875803,-2.30910076785447,1.66167023554604,0.508938498761433,2.6880776495165,-2.73352083269223,0.614125930915379,1.06487676869211,0.470346921865835,-0.292827183343656,0.37080449397561,-0.799261921385736,0.727631428680319,-0.263527197532365,0.561205127198747,0.0839653834079474,"C"
"85","7b","Lush","none","none","C","131",1.96313349800079,1.54161631218186,-0.958417199026211,0.420378722827426,23.5808011096581,1.83184397351902,0.931034482758621,-2.09695149219353,1.50574712643678,-0.0467638529998032,2.69717945534647,-2.98705693265363,1.13620234738854,0.673724292085119,0.183781699061183,-0.615837704131225,0.14125900556258,-0.356457878257675,0.987753921089258,-0.458034947176629,0.463118072978364,0.0946389812336201,"C"
"86","7b","Lush","watered","fertilized","WN","122",1.69867898390267,1.26176386910428,-0.955364717002941,0.414824011339165,22.534373369317,1.74891252563362,0.864686468646865,-2.25051236410889,1.58745874587459,0.433491529560656,2.67833901273367,-2.92982797064451,0.814828868406283,0.92183314732702,0.257056795964117,-0.320015789437339,0.264495727497452,-0.760268405414202,0.618918579225525,-0.262990495890874,0.441072024260829,0.0862108324410333,"WN"
"87","7b","Lush","watered","fertilized","WN","126",1.64349209987006,1.01158056382705,-0.84073221958257,0.41576429331773,23.6240774866632,1.70217128815342,0.945402298850575,-2.10085758137036,1.85919540229885,0.802790264860977,2.69057835523796,-3.22649353745365,0.538045640375644,1.20568573114791,0.507563640971737,-0.27814891015964,0.339901828520667,-0.938343505912908,0.76592633880451,-0.390751948670109,0.661979814930426,0.138327442911164,"WN"
"88","7b","Lush","watered","fertilized","WN","130",1.88257202496082,1.26430062122426,-1.14677973139296,0.416983448240253,22.0363847257331,1.62865467752866,0.814229249011858,-2.34284866042403,1.56916996047431,0.0938222701110849,2.69406995365771,-2.61755737738777,1.10578341451429,0.769781463821654,0.111617313986498,-0.255653766099538,0.347177233319079,-0.580006727031786,0.719858305567316,-0.445885950088499,0.525850839749174,0.110420087500409,"WN"
"89","7b","Lush","watered","none","W","120",1.75092495575252,1.17570658318834,-0.832169717910779,0.421338341864404,23.5418019852249,1.76834518287493,0.945945945945946,-2.02749815110159,1.70945945945946,0.419196737488129,2.68964845249014,-3.12363389292455,0.670768101447462,0.963746480611314,0.362213313003379,-0.44368755025921,0.19892292941352,-0.677028013691621,0.902981496221883,-0.416980589431981,0.568746040552325,0.122122351799872,"W"
"90","7b","Lush","watered","none","W","124",1.73756850988112,1.33721092278328,-0.99188118422424,0.412663717706669,22.3001935082259,1.71062647364564,0.831168831168831,-2.38347342846509,1.58441558441558,0.445288614192092,2.68327725562482,-2.84521218518072,0.961740312505856,0.890638801527193,0.290540281575638,-0.249677649770602,0.321809260501716,-0.776677956933326,0.5376389324869,-0.243189797302875,0.474661727067167,0.0904743504507002,"W"
